Temp,Al@l12fcc,Cr@l12fcc,Al@fcc,Cr@fcc
201,0.18437,0.0656305,0.040058,9.50639e-07
202,0.184367,0.0656326,0.0400796,1.01957e-06
203,0.184365,0.0656347,0.0401014,1.09279e-06
204,0.184363,0.0656368,0.0401234,1.1705e-06
205,0.184361,0.0656389,0.0401454,1.25295e-06
206,0.184359,0.0656411,0.0401676,1.34037e-06
207,0.184357,0.0656433,0.0401899,1.43301e-06
208,0.184355,0.0656454,0.0402123,1.53112e-06
209,0.184352,0.0656476,0.0402348,1.63497e-06
210,0.18435,0.0656498,0.0402575,1.74484e-06
211,0.184348,0.065652,0.0402803,1.86101e-06
212,0.184346,0.0656542,0.0403033,1.98379e-06
213,0.184344,0.0656565,0.0403264,2.11347e-06
214,0.184341,0.0656587,0.0403496,2.25039e-06
215,0.184339,0.065661,0.0403729,2.39487e-06
216,0.184337,0.0656633,0.0403964,2.54725e-06
217,0.184334,0.0656655,0.0404201,2.7079e-06
218,0.184332,0.0656678,0.0404438,2.87717e-06
219,0.18433,0.0656702,0.0404678,3.05545e-06
220,0.184328,0.0656725,0.0404918,3.24313e-06
221,0.184325,0.0656748,0.040516,3.44062e-06
222,0.184323,0.0656772,0.0405404,3.64834e-06
223,0.18432,0.0656795,0.0405649,3.86672e-06
224,0.184318,0.0656819,0.0405896,4.09621e-06
225,0.184316,0.0656843,0.0406144,4.33728e-06
226,0.184313,0.0656867,0.0406393,4.59039e-06
227,0.184311,0.0656891,0.0406645,4.85604e-06
228,0.184308,0.0656915,0.0406897,5.13475e-06
229,0.184306,0.065694,0.0407152,5.42704e-06
230,0.184304,0.0656964,0.0407408,5.73344e-06
231,0.184301,0.0656989,0.0407665,6.05451e-06
232,0.184299,0.0657014,0.0407925,6.39084e-06
233,0.184296,0.0657039,0.0408186,6.743e-06
234,0.184294,0.0657064,0.0408448,7.11162e-06
235,0.184291,0.0657089,0.0408713,7.49731e-06
236,0.184289,0.0657115,0.0408979,7.90073e-06
237,0.184286,0.065714,0.0409246,8.32253e-06
238,0.184283,0.0657166,0.0409516,8.76342e-06
239,0.184281,0.0657192,0.0409787,9.22408e-06
240,0.184278,0.0657218,0.041006,9.70525e-06
241,0.184276,0.0657244,0.0410335,1.02077e-05
242,0.184273,0.065727,0.0410611,1.07321e-05
243,0.18427,0.0657296,0.041089,1.12793e-05
244,0.184268,0.0657323,0.041117,1.18502e-05
245,0.184265,0.065735,0.0411452,1.24455e-05
246,0.184262,0.0657376,0.0411736,1.30661e-05
247,0.18426,0.0657403,0.0412022,1.37129e-05
248,0.184257,0.065743,0.041231,1.43868e-05
249,0.184254,0.0657458,0.04126,1.50887e-05
250,0.184251,0.0657485,0.0412892,1.58196e-05
251,0.184249,0.0657513,0.0413186,1.65804e-05
252,0.184246,0.065754,0.0413481,1.73722e-05
253,0.184243,0.0657568,0.0413779,1.8196e-05
254,0.18424,0.0657596,0.0414079,1.90528e-05
255,0.184238,0.0657624,0.0414381,1.99437e-05
256,0.184235,0.0657652,0.0414685,2.08699e-05
257,0.184232,0.0657681,0.0414991,2.18325e-05
258,0.184229,0.0657709,0.04153,2.28327e-05
259,0.184226,0.0657738,0.041561,2.38717e-05
260,0.184223,0.0657767,0.0415923,2.49506e-05
261,0.18422,0.0657796,0.0416237,2.60708e-05
262,0.184218,0.0657825,0.0416554,2.72337e-05
263,0.184215,0.0657854,0.0416874,2.84404e-05
264,0.184212,0.0657883,0.0417195,2.96924e-05
265,0.184209,0.0657913,0.0417519,3.09911e-05
266,0.184206,0.0657942,0.0417845,3.23379e-05
267,0.184203,0.0657972,0.0418174,3.37344e-05
268,0.1842,0.0658002,0.0418505,3.51819e-05
269,0.184197,0.0658032,0.0418838,3.66821e-05
270,0.184194,0.0658062,0.0419173,3.82366e-05
271,0.184191,0.0658093,0.0419511,3.98469e-05
272,0.184188,0.0658123,0.0419852,4.15148e-05
273,0.184185,0.0658154,0.0420195,4.32419e-05
274,0.184182,0.0658185,0.0420541,4.50301e-05
275,0.184178,0.0658215,0.0420889,4.68811e-05
276,0.184175,0.0658246,0.0421239,4.87967e-05
277,0.184172,0.0658278,0.0421592,5.07789e-05
278,0.184169,0.0658309,0.0421948,5.28296e-05
279,0.184166,0.065834,0.0422307,5.49508e-05
280,0.184163,0.0658372,0.0422668,5.71445e-05
281,0.18416,0.0658403,0.0423032,5.94127e-05
282,0.184156,0.0658435,0.0423398,6.17577e-05
283,0.184153,0.0658467,0.0423768,6.41816e-05
284,0.18415,0.0658499,0.042414,6.66867e-05
285,0.184147,0.0658531,0.0424515,6.92753e-05
286,0.184144,0.0658563,0.0424892,7.19497e-05
287,0.18414,0.0658596,0.0425273,7.47123e-05
288,0.184137,0.0658628,0.0425657,7.75657e-05
289,0.184134,0.0658661,0.0426043,8.05123e-05
290,0.184131,0.0658693,0.0426433,8.35549e-05
291,0.184127,0.0658726,0.0426825,8.66959e-05
292,0.184124,0.0658759,0.0427221,8.99383e-05
293,0.184121,0.0658792,0.0427619,9.32848e-05
294,0.184117,0.0658825,0.0428021,9.67382e-05
295,0.184114,0.0658858,0.0428426,0.000100302
296,0.184111,0.0658892,0.0428834,0.000103978
297,0.184107,0.0658925,0.0429245,0.00010777
298,0.184104,0.0658959,0.0429659,0.000111682
299,0.184101,0.0658992,0.0430077,0.000115716
300,0.184097,0.0659026,0.0430498,0.000119877
301,0.184094,0.0659059,0.0430923,0.000124166
302,0.184091,0.0659093,0.043135,0.000128589
303,0.184087,0.0659127,0.0431782,0.000133147
304,0.184084,0.0659161,0.0432217,0.000137847
305,0.18408,0.0659195,0.0432655,0.00014269
306,0.184077,0.0659229,0.0433097,0.000147681
307,0.184074,0.0659263,0.0433542,0.000152824
308,0.18407,0.0659297,0.0433991,0.000158124
309,0.184067,0.0659332,0.0434444,0.000163583
310,0.184063,0.0659366,0.04349,0.000169208
311,0.18406,0.06594,0.0435361,0.000175002
312,0.184056,0.0659434,0.0435825,0.000180969
313,0.184053,0.0659469,0.0436293,0.000187116
314,0.18405,0.0659503,0.0436765,0.000193446
315,0.184046,0.0659538,0.0437241,0.000199964
316,0.184043,0.0659572,0.0437721,0.000206676
317,0.184039,0.0659606,0.0438205,0.000213587
318,0.184036,0.0659641,0.0438693,0.000220703
319,0.184032,0.0659675,0.0439185,0.000228028
320,0.184029,0.065971,0.0439682,0.00023557
321,0.184025,0.0659744,0.0440183,0.000243333
322,0.184022,0.0659778,0.0440688,0.000251324
323,0.184019,0.0659813,0.0441197,0.000259549
324,0.184015,0.0659847,0.0441711,0.000268015
325,0.184012,0.0659881,0.044223,0.000276728
326,0.184008,0.0659915,0.0442753,0.000285696
327,0.184005,0.0659949,0.0443281,0.000294925
328,0.184001,0.0659984,0.0443814,0.000304423
329,0.183998,0.0660017,0.0444351,0.000314197
330,0.183995,0.0660051,0.0444893,0.000324255
331,0.183991,0.0660085,0.044544,0.000334606
332,0.183988,0.0660119,0.0445993,0.000345257
333,0.183985,0.0660152,0.044655,0.000356217
334,0.183981,0.0660186,0.0447112,0.000367496
335,0.183978,0.0660219,0.044768,0.000379101
336,0.183975,0.0660252,0.0448253,0.000391043
337,0.183971,0.0660285,0.0448831,0.000403332
338,0.183968,0.0660317,0.0449415,0.000415977
339,0.183965,0.066035,0.0450004,0.00042899
340,0.183962,0.0660382,0.0450599,0.000442381
341,0.183958,0.0660414,0.04512,0.000456161
342,0.183955,0.0660446,0.0451807,0.000470342
343,0.183952,0.0660478,0.045242,0.000484936
344,0.183949,0.0660509,0.0453038,0.000499956
345,0.183946,0.066054,0.0453663,0.000515415
346,0.183943,0.066057,0.0454294,0.000531326
347,0.18394,0.0660601,0.0454931,0.000547703
348,0.183937,0.0660631,0.0455575,0.000564561
349,0.183934,0.066066,0.0456226,0.000581916
350,0.183931,0.0660689,0.0456883,0.000599782
351,0.183928,0.0660718,0.0457547,0.000618177
352,0.183925,0.0660747,0.0458218,0.000637118
353,0.183922,0.0660774,0.0458897,0.000656621
354,0.183919,0.0660802,0.0459582,0.000676707
355,0.183917,0.0660829,0.0460275,0.000697394
356,0.183914,0.0660855,0.0460975,0.000718703
357,0.183911,0.0660881,0.0461684,0.000740655
358,0.183909,0.0660906,0.04624,0.000763271
359,0.183906,0.066093,0.0463124,0.000786576
360,0.183904,0.0660954,0.0463856,0.000810592
361,0.183902,0.0660977,0.0464597,0.000835347
362,0.183899,0.0660999,0.0465346,0.000860866
363,0.183897,0.066102,0.0466104,0.000887177
364,0.183895,0.0661041,0.0466871,0.000914309
365,0.183893,0.0661061,0.0467648,0.000942294
366,0.183891,0.066108,0.0468434,0.000971164
367,0.183889,0.0661097,0.0469229,0.00100095
368,0.183888,0.0661114,0.0470035,0.0010317
369,0.183886,0.066113,0.0470851,0.00106343
370,0.183884,0.0661144,0.0471677,0.0010962
371,0.183883,0.0661157,0.0472514,0.00113005
372,0.183882,0.0661169,0.0473362,0.00116501
373,0.183881,0.066118,0.0474222,0.00120115
374,0.18388,0.0661189,0.0475093,0.0012385
375,0.183879,0.0661196,0.0475977,0.00127713
376,0.183878,0.0661202,0.0476873,0.00131709
377,0.183878,0.0661206,0.0477782,0.00135843
378,0.183878,0.0661208,0.0478704,0.00140124
379,0.183878,0.0661208,0.0479641,0.00144557
380,0.183878,0.0661207,0.0480591,0.0014915
381,0.183878,0.0661203,0.0481557,0.00153911
382,0.183879,0.0661196,0.0482537,0.00158849
383,0.183879,0.0661188,0.0483534,0.00163974
384,0.18388,0.0661176,0.0484547,0.00169294
385,0.183882,0.0661162,0.0485578,0.00174821
386,0.183883,0.0661144,0.0486627,0.00180567
387,0.183885,0.0661124,0.0487695,0.00186545
388,0.183888,0.0661099,0.0488782,0.00192769
389,0.183891,0.0661071,0.0489891,0.00199254
390,0.183894,0.0661039,0.0491021,0.00206017
391,0.183897,0.0661003,0.0492174,0.00213076
392,0.183901,0.0660962,0.0493351,0.00220453
393,0.183906,0.0660916,0.0494554,0.00228169
394,0.183911,0.0660864,0.0495784,0.00236251
395,0.183916,0.0660806,0.0497043,0.00244728
396,0.183923,0.0660742,0.0498333,0.0025363
397,0.18393,0.066067,0.0499656,0.00262995
398,0.183938,0.0660591,0.0501014,0.00272865
399,0.183946,0.0660502,0.0502411,0.00283288
400,0.183956,0.0660404,0.050385,0.00294318
401,0.183967,0.0660295,0.0505334,0.00306021
402,0.183979,0.0660173,0.0506868,0.00318473
403,0.183992,0.0660038,0.0508458,0.00331765
404,0.184007,0.0659886,0.0510109,0.00346008
405,0.184024,0.0659716,0.0511831,0.00361339
406,0.184043,0.0659525,0.0513631,0.00377927
407,0.184065,0.0659308,0.0515524,0.0039599
408,0.184089,0.065906,0.0517524,0.00415814
409,0.184118,0.0658774,0.0519656,0.00437789
410,0.184151,0.065844,0.0521949,0.00462468
411,0.184191,0.0658042,0.0524451,0.00490682
412,0.184239,0.0657554,0.0527237,0.00523791
413,0.184302,0.065693,0.0530449,0.00564309
414,0.184389,0.0656059,0.0534409,0.00618067
415,0.184104,0.0658964,0.0429722,0.00011228
416,0.184979,0.0650152,0.0552595,0.00933139
417,0.185025,0.0649689,0.0553716,0.00955807
418,0.185069,0.0649246,0.055477,0.00977324
419,0.185112,0.0648821,0.0555768,0.00997845
420,0.185152,0.0648412,0.0556718,0.0101749
421,0.185192,0.0648016,0.0557626,0.0103637
422,0.18523,0.0647633,0.0558499,0.0105457
423,0.185267,0.0647261,0.0559339,0.0107214
424,0.185303,0.06469,0.0560152,0.0108915
425,0.185338,0.0646548,0.056094,0.0110566
426,0.185372,0.0646204,0.0561705,0.0112169
427,0.185405,0.0645869,0.0562451,0.011373
428,0.185438,0.0645541,0.0563178,0.0115251
429,0.18547,0.064522,0.0563889,0.0116735
430,0.185501,0.0644906,0.0564585,0.0118185
431,0.185531,0.0644598,0.0565267,0.0119603
432,0.185561,0.0644295,0.0565937,0.0120991
433,0.185591,0.0643998,0.0566596,0.012235
434,0.18562,0.0643706,0.0567243,0.0123683
435,0.185648,0.0643419,0.0567881,0.0124991
436,0.185676,0.0643137,0.056851,0.0126275
437,0.185704,0.0642859,0.0569131,0.0127537
438,0.185731,0.0642585,0.0569743,0.0128778
439,0.185757,0.0642315,0.0570349,0.0129998
440,0.185784,0.0642049,0.0570947,0.0131198
441,0.18581,0.0641787,0.0571539,0.013238
442,0.185835,0.0641528,0.0572126,0.0133545
443,0.185861,0.0641273,0.0572706,0.0134692
444,0.185885,0.064102,0.0573282,0.0135824
445,0.18591,0.0640771,0.0573852,0.013694
446,0.185934,0.0640525,0.0574418,0.0138041
447,0.185958,0.0640282,0.057498,0.0139127
448,0.185982,0.0640042,0.0575537,0.01402
449,0.186005,0.0639804,0.0576091,0.0141259
450,0.186029,0.0639569,0.0576641,0.0142306
451,0.186051,0.0639336,0.0577187,0.014334
452,0.186074,0.0639106,0.0577731,0.0144362
453,0.186096,0.0638878,0.0578271,0.0145373
454,0.186119,0.0638653,0.0578808,0.0146372
455,0.186141,0.0638429,0.0579343,0.0147361
456,0.186162,0.0638208,0.0579874,0.0148339
457,0.186184,0.0637989,0.0580404,0.0149307
458,0.186205,0.0637772,0.0580931,0.0150265
459,0.186226,0.0637557,0.0581456,0.0151214
460,0.186247,0.0637343,0.0581979,0.0152153
461,0.186268,0.0637132,0.05825,0.0153083
462,0.186288,0.0636923,0.0583019,0.0154005
463,0.186309,0.0636715,0.0583536,0.0154918
464,0.186329,0.0636509,0.0584051,0.0155823
465,0.186349,0.0636304,0.0584565,0.015672
466,0.186368,0.0636102,0.0585077,0.0157609
467,0.186388,0.06359,0.0585588,0.015849
468,0.186408,0.0635701,0.0586098,0.0159364
469,0.186427,0.0635502,0.0586606,0.0160231
470,0.186446,0.0635306,0.0587113,0.016109
471,0.186465,0.063511,0.0587619,0.0161943
472,0.186484,0.0634917,0.0588124,0.0162789
473,0.186502,0.0634724,0.0588627,0.0163629
474,0.186521,0.0634533,0.058913,0.0164462
475,0.186539,0.0634343,0.0589632,0.0165289
476,0.186558,0.0634154,0.0590132,0.016611
477,0.186576,0.0633967,0.0590632,0.0166925
478,0.186594,0.0633781,0.0591132,0.0167734
479,0.186612,0.0633596,0.059163,0.0168537
480,0.186629,0.0633412,0.0592128,0.0169335
481,0.186647,0.0633229,0.0592625,0.0170128
482,0.186665,0.0633047,0.0593122,0.0170915
483,0.186682,0.0632867,0.0593618,0.0171697
484,0.186699,0.0632687,0.0594113,0.0172474
485,0.186716,0.0632509,0.0594608,0.0173246
486,0.186734,0.0632331,0.0595102,0.0174013
487,0.18675,0.0632155,0.0595596,0.0174776
488,0.186767,0.0631979,0.059609,0.0175533
489,0.186784,0.0631805,0.0596583,0.0176287
490,0.186801,0.0631631,0.0597076,0.0177035
491,0.186817,0.0631458,0.0597568,0.017778
492,0.186834,0.0631286,0.059806,0.017852
493,0.18685,0.0631115,0.0598552,0.0179256
494,0.186866,0.0630945,0.0599044,0.0179988
495,0.186882,0.0630776,0.0599535,0.0180716
496,0.186898,0.0630607,0.0600027,0.018144
497,0.186914,0.063044,0.0600518,0.018216
498,0.18693,0.0630273,0.0601009,0.0182876
499,0.186946,0.0630106,0.06015,0.0183589
500,0.186961,0.0629941,0.060199,0.0184298
501,0.186977,0.0629776,0.0602481,0.0185003
502,0.186993,0.0629612,0.0602972,0.0185705
503,0.187008,0.0629449,0.0603462,0.0186403
504,0.187023,0.0629286,0.0603953,0.0187099
505,0.187039,0.0629124,0.0604443,0.018779
506,0.187054,0.0628963,0.0604934,0.0188479
507,0.187069,0.0628802,0.0605424,0.0189164
508,0.187084,0.0628642,0.0605915,0.0189846
509,0.187099,0.0628482,0.0606405,0.0190526
510,0.187114,0.0628323,0.0606896,0.0191202
511,0.187128,0.0628165,0.0607387,0.0191875
512,0.187143,0.0628007,0.0607877,0.0192545
513,0.187158,0.062785,0.0608368,0.0193213
514,0.187172,0.0627694,0.0608859,0.0193877
515,0.187187,0.0627538,0.0609351,0.0194539
516,0.187201,0.0627382,0.0609842,0.0195198
517,0.187216,0.0627227,0.0610334,0.0195855
518,0.18723,0.0627072,0.0610825,0.0196509
519,0.187244,0.0626918,0.0611317,0.019716
520,0.187258,0.0626765,0.0611809,0.0197809
521,0.187272,0.0626612,0.0612301,0.0198455
522,0.187286,0.0626459,0.0612794,0.0199099
523,0.1873,0.0626307,0.0613287,0.0199741
524,0.187314,0.0626155,0.061378,0.020038
525,0.187328,0.0626004,0.0614273,0.0201017
526,0.187342,0.0625853,0.0614766,0.0201651
527,0.187356,0.0625703,0.061526,0.0202284
528,0.187369,0.0625553,0.0615754,0.0202914
529,0.187383,0.0625403,0.0616248,0.0203542
530,0.187397,0.0625254,0.0616743,0.0204168
531,0.18741,0.0625105,0.0617238,0.0204791
532,0.187424,0.0624956,0.0617733,0.0205413
533,0.187437,0.0624808,0.0618229,0.0206033
534,0.18745,0.062466,0.0618725,0.020665
535,0.187464,0.0624513,0.0619221,0.0207266
536,0.187477,0.0624366,0.0619717,0.020788
537,0.18749,0.0624219,0.0620214,0.0208492
538,0.187503,0.0624073,0.0620712,0.0209102
539,0.187516,0.0623927,0.0621209,0.020971
540,0.187529,0.0623781,0.0621707,0.0210317
541,0.187542,0.0623635,0.0622206,0.0210921
542,0.187555,0.062349,0.0622704,0.0211524
543,0.187568,0.0623345,0.0623204,0.0212126
544,0.187581,0.06232,0.0623703,0.0212725
545,0.187594,0.0623056,0.0624203,0.0213323
546,0.187606,0.0622912,0.0624703,0.0213919
547,0.187619,0.0622768,0.0625204,0.0214514
548,0.187632,0.0622624,0.0625706,0.0215107
549,0.187644,0.0622481,0.0626207,0.0215698
550,0.187657,0.0622338,0.0626709,0.0216288
551,0.187669,0.0622195,0.0627212,0.0216876
552,0.187682,0.0622052,0.0627715,0.0217463
553,0.187694,0.062191,0.0628218,0.0218049
554,0.187706,0.0621768,0.0628722,0.0218633
555,0.187719,0.0621626,0.0629227,0.0219215
556,0.187731,0.0621484,0.0629731,0.0219796
557,0.187743,0.0621342,0.0630237,0.0220376
558,0.187755,0.0621201,0.0630742,0.0220955
559,0.187768,0.0621059,0.0631249,0.0221532
560,0.18778,0.0620918,0.0631755,0.0222108
561,0.187792,0.0620778,0.0632263,0.0222682
562,0.187804,0.0620637,0.063277,0.0223255
563,0.187816,0.0620496,0.0633279,0.0223827
564,0.187828,0.0620356,0.0633787,0.0224398
565,0.18784,0.0620216,0.0634297,0.0224967
566,0.187851,0.0620076,0.0634806,0.0225535
567,0.187863,0.0619936,0.0635317,0.0226103
568,0.187875,0.0619796,0.0635827,0.0226668
569,0.187887,0.0619656,0.0636339,0.0227233
570,0.187898,0.0619517,0.0636851,0.0227797
571,0.18791,0.0619377,0.0637363,0.0228359
572,0.187922,0.0619238,0.0637876,0.0228921
573,0.187933,0.0619099,0.0638389,0.0229481
574,0.187945,0.061896,0.0638903,0.023004
575,0.187956,0.0618821,0.0639418,0.0230598
576,0.187968,0.0618682,0.0639933,0.0231155
577,0.187979,0.0618543,0.0640449,0.0231712
578,0.187991,0.0618405,0.0640965,0.0232267
579,0.188002,0.0618266,0.0641482,0.0232821
580,0.188013,0.0618128,0.0641999,0.0233374
581,0.188025,0.0617989,0.0642517,0.0233926
582,0.188036,0.0617851,0.0643035,0.0234477
583,0.188047,0.0617713,0.0643554,0.0235028
584,0.188058,0.0617574,0.0644074,0.0235577
585,0.188069,0.0617436,0.0644594,0.0236125
586,0.188081,0.0617298,0.0645115,0.0236673
587,0.188092,0.061716,0.0645636,0.023722
588,0.188103,0.0617022,0.0646158,0.0237765
589,0.188114,0.0616884,0.0646681,0.023831
590,0.188125,0.0616747,0.0647204,0.0238854
591,0.188136,0.0616609,0.0647728,0.0239398
592,0.188147,0.0616471,0.0648252,0.023994
593,0.188157,0.0616333,0.0648777,0.0240482
594,0.188168,0.0616196,0.0649302,0.0241022
595,0.188179,0.0616058,0.0649829,0.0241562
596,0.18819,0.061592,0.0650355,0.0242102
597,0.188201,0.0615783,0.0650883,0.024264
598,0.188211,0.0615645,0.0651411,0.0243178
599,0.188222,0.0615508,0.0651939,0.0243715
600,0.188233,0.061537,0.0652469,0.0244251
601,0.188243,0.0615233,0.0652998,0.0244787
602,0.188254,0.0615095,0.0653529,0.0245321
603,0.188264,0.0614957,0.065406,0.0245855
604,0.188275,0.061482,0.0654592,0.0246389
605,0.188285,0.0614682,0.0655124,0.0246922
606,0.188296,0.0614545,0.0655657,0.0247454
607,0.188306,0.0614407,0.0656191,0.0247985
608,0.188317,0.061427,0.0656725,0.0248516
609,0.188327,0.0614132,0.065726,0.0249046
610,0.188337,0.0613994,0.0657796,0.0249575
611,0.188348,0.0613857,0.0658332,0.0250104
612,0.188358,0.0613719,0.0658869,0.0250632
613,0.188368,0.0613581,0.0659406,0.025116
614,0.188379,0.0613444,0.0659944,0.0251687
615,0.188389,0.0613306,0.0660483,0.0252213
616,0.188399,0.0613168,0.0661023,0.0252739
617,0.188409,0.061303,0.0661563,0.0253264
618,0.188419,0.0612892,0.0662103,0.0253789
619,0.188429,0.0612755,0.0662645,0.0254313
620,0.188439,0.0612617,0.0663187,0.0254836
621,0.188449,0.0612479,0.066373,0.0255359
622,0.188459,0.061234,0.0664273,0.0255882
623,0.188469,0.0612202,0.0664817,0.0256404
624,0.188479,0.0612064,0.0665362,0.0256925
625,0.188489,0.0611926,0.0665908,0.0257446
626,0.188499,0.0611788,0.0666454,0.0257966
627,0.188509,0.0611649,0.0667001,0.0258486
628,0.188518,0.0611511,0.0667548,0.0259005
629,0.188528,0.0611372,0.0668096,0.0259524
630,0.188538,0.0611234,0.0668645,0.0260043
631,0.188548,0.0611095,0.0669195,0.0260561
632,0.188557,0.0610956,0.0669745,0.0261078
633,0.188567,0.0610817,0.0670296,0.0261595
634,0.188577,0.0610679,0.0670848,0.0262112
635,0.188586,0.061054,0.06714,0.0262628
636,0.188596,0.06104,0.0671953,0.0263143
637,0.188605,0.0610261,0.0672507,0.0263659
638,0.188615,0.0610122,0.0673061,0.0264173
639,0.188624,0.0609983,0.0673616,0.0264688
640,0.188634,0.0609843,0.0674172,0.0265202
641,0.188643,0.0609704,0.0674728,0.0265715
642,0.188653,0.0609564,0.0675286,0.0266228
643,0.188662,0.0609424,0.0675843,0.0266741
644,0.188671,0.0609284,0.0676402,0.0267253
645,0.188681,0.0609144,0.0676961,0.0267765
646,0.18869,0.0609004,0.0677521,0.0268277
647,0.188699,0.0608864,0.0678082,0.0268788
648,0.188709,0.0608724,0.0678644,0.0269299
649,0.188718,0.0608583,0.0679206,0.0269809
650,0.188727,0.0608443,0.0679769,0.0270319
651,0.188736,0.0608302,0.0680332,0.0270829
652,0.188745,0.0608161,0.0680897,0.0271338
653,0.188754,0.0608021,0.0681462,0.0271847
654,0.188763,0.060788,0.0682028,0.0272356
655,0.188772,0.0607738,0.0682594,0.0272864
656,0.188781,0.0607597,0.0683161,0.0273372
657,0.18879,0.0607456,0.0683729,0.027388
658,0.188799,0.0607314,0.0684298,0.0274388
659,0.188808,0.0607172,0.0684868,0.0274895
660,0.188817,0.0607031,0.0685438,0.0275401
661,0.188826,0.0606889,0.0686009,0.0275908
662,0.188835,0.0606746,0.068658,0.0276414
663,0.188844,0.0606604,0.0687153,0.027692
664,0.188853,0.0606462,0.0687726,0.0277425
665,0.188861,0.0606319,0.06883,0.0277931
666,0.18887,0.0606176,0.0688874,0.0278436
667,0.188879,0.0606034,0.0689449,0.027894
668,0.188888,0.0605891,0.0690026,0.0279445
669,0.188896,0.0605747,0.0690602,0.0279949
670,0.188905,0.0605604,0.069118,0.0280453
671,0.188914,0.0605461,0.0691758,0.0280956
672,0.188922,0.0605317,0.0692337,0.028146
673,0.188931,0.0605173,0.0692917,0.0281963
674,0.188939,0.0605029,0.0693498,0.0282465
675,0.188948,0.0604885,0.0694079,0.0282968
676,0.188956,0.0604741,0.0694661,0.028347
677,0.188965,0.0604596,0.0695244,0.0283972
678,0.188973,0.0604452,0.0695828,0.0284474
679,0.188982,0.0604307,0.0696412,0.0284976
680,0.18899,0.0604162,0.0696997,0.0285477
681,0.188998,0.0604017,0.0697583,0.0285978
682,0.189007,0.0603871,0.069817,0.0286479
683,0.189015,0.0603726,0.0698757,0.028698
684,0.189023,0.060358,0.0699345,0.0287481
685,0.189031,0.0603434,0.0699934,0.0287981
686,0.18904,0.0603288,0.0700524,0.0288481
687,0.189048,0.0603142,0.0701115,0.0288981
688,0.189056,0.0602995,0.0701706,0.028948
689,0.189064,0.0602849,0.0702298,0.028998
690,0.189072,0.0602702,0.0702891,0.0290479
691,0.18908,0.0602555,0.0703484,0.0290978
692,0.189088,0.0602408,0.0704079,0.0291477
693,0.189096,0.060226,0.0704674,0.0291976
694,0.189105,0.0602113,0.070527,0.0292474
695,0.189113,0.0601965,0.0705867,0.0292973
696,0.18912,0.0601817,0.0706464,0.0293471
697,0.189128,0.0601668,0.0707062,0.0293969
698,0.189136,0.060152,0.0707662,0.0294467
699,0.189144,0.0601371,0.0708261,0.0294964
700,0.189152,0.0601223,0.0708862,0.0295462
701,0.18916,0.0601074,0.0709464,0.0295959
702,0.189168,0.0600924,0.0710066,0.0296456
703,0.189176,0.0600775,0.0710669,0.0296953
704,0.189183,0.0600625,0.0711273,0.029745
705,0.189191,0.0600475,0.0711877,0.0297947
706,0.189199,0.0600325,0.0712483,0.0298443
707,0.189207,0.0600175,0.0713089,0.029894
708,0.189214,0.0600024,0.0713696,0.0299436
709,0.189222,0.0599874,0.0714304,0.0299932
710,0.189229,0.0599723,0.0714913,0.0300428
711,0.189237,0.0599571,0.0715522,0.0300924
712,0.189245,0.059942,0.0716132,0.0301419
713,0.189252,0.0599268,0.0716744,0.0301915
714,0.18926,0.0599117,0.0717355,0.030241
715,0.189267,0.0598964,0.0717968,0.0302906
716,0.189275,0.0598812,0.0718582,0.0303401
717,0.189282,0.059866,0.0719196,0.0303896
718,0.18929,0.0598507,0.0719811,0.0304391
719,0.189297,0.0598354,0.0720427,0.0304886
720,0.189304,0.0598201,0.0721044,0.030538
721,0.189312,0.0598047,0.0721662,0.0305875
722,0.189319,0.0597893,0.072228,0.0306369
723,0.189326,0.0597739,0.0722899,0.0306864
724,0.189334,0.0597585,0.0723519,0.0307358
725,0.189341,0.0597431,0.072414,0.0307852
726,0.189348,0.0597276,0.0724762,0.0308346
727,0.189355,0.0597121,0.0725384,0.030884
728,0.189362,0.0596966,0.0726008,0.0309334
729,0.18937,0.059681,0.0726632,0.0309828
730,0.189377,0.0596655,0.0727257,0.0310321
731,0.189384,0.0596499,0.0727883,0.0310815
732,0.189391,0.0596343,0.072851,0.0311308
733,0.189398,0.0596186,0.0729137,0.0311802
734,0.189405,0.059603,0.0729766,0.0312295
735,0.189412,0.0595873,0.0730395,0.0312788
736,0.189419,0.0595716,0.0731025,0.0313281
737,0.189426,0.0595558,0.0731656,0.0313774
738,0.189433,0.05954,0.0732288,0.0314267
739,0.18944,0.0595242,0.073292,0.031476
740,0.189447,0.0595084,0.0733554,0.0315253
741,0.189454,0.0594926,0.0734188,0.0315746
742,0.189461,0.0594767,0.0734823,0.0316238
743,0.189467,0.0594608,0.0735459,0.0316731
744,0.189474,0.0594449,0.0736096,0.0317223
745,0.189481,0.0594289,0.0736734,0.0317716
746,0.189488,0.0594129,0.0737373,0.0318208
747,0.189495,0.0593969,0.0738012,0.0318701
748,0.189501,0.0593809,0.0738652,0.0319193
749,0.189508,0.0593648,0.0739294,0.0319685
750,0.189515,0.0593487,0.0739936,0.0320177
751,0.189521,0.0593326,0.0740579,0.0320669
752,0.189528,0.0593165,0.0741222,0.0321161
753,0.189535,0.0593003,0.0741867,0.0321653
754,0.189541,0.0592841,0.0742512,0.0322145
755,0.189548,0.0592679,0.0743159,0.0322637
756,0.189554,0.0592516,0.0743806,0.0323129
757,0.189561,0.0592354,0.0744454,0.0323621
758,0.189567,0.059219,0.0745103,0.0324112
759,0.189574,0.0592027,0.0745753,0.0324604
760,0.18958,0.0591863,0.0746404,0.0325096
761,0.189587,0.0591699,0.0747056,0.0325587
762,0.189593,0.0591535,0.0747708,0.0326079
763,0.1896,0.0591371,0.0748362,0.032657
764,0.189606,0.0591206,0.0749016,0.0327062
765,0.189612,0.0591041,0.0749671,0.0327553
766,0.189619,0.0590875,0.0750327,0.0328044
767,0.189625,0.059071,0.0750984,0.0328536
768,0.189631,0.0590544,0.0751642,0.0329027
769,0.189638,0.0590377,0.0752301,0.0329518
770,0.189644,0.0590211,0.075296,0.0330009
771,0.18965,0.0590044,0.0753621,0.0330501
772,0.189656,0.0589877,0.0754282,0.0330992
773,0.189663,0.0589709,0.0754945,0.0331483
774,0.189669,0.0589541,0.0755608,0.0331974
775,0.189675,0.0589373,0.0756272,0.0332465
776,0.189681,0.0589205,0.0756937,0.0332956
777,0.189687,0.0589036,0.0757603,0.0333447
778,0.189693,0.0588867,0.075827,0.0333938
779,0.189699,0.0588698,0.0758938,0.0334429
780,0.189706,0.0588529,0.0759607,0.033492
781,0.189712,0.0588359,0.0760276,0.0335411
782,0.189718,0.0588188,0.0760947,0.0335902
783,0.189724,0.0588018,0.0761619,0.0336393
784,0.18973,0.0587847,0.0762291,0.0336884
785,0.189736,0.0587676,0.0762964,0.0337375
786,0.189742,0.0587505,0.0763638,0.0337865
787,0.189748,0.0587333,0.0764314,0.0338356
788,0.189754,0.0587161,0.076499,0.0338847
789,0.189759,0.0586988,0.0765667,0.0339338
790,0.189765,0.0586816,0.0766345,0.0339829
791,0.189771,0.0586643,0.0767024,0.0340319
792,0.189777,0.0586469,0.0767704,0.034081
793,0.189783,0.0586296,0.0768384,0.0341301
794,0.189789,0.0586122,0.0769066,0.0341791
795,0.189795,0.0585947,0.0769749,0.0342282
796,0.1898,0.0585773,0.0770432,0.0342773
797,0.189806,0.0585598,0.0771117,0.0343264
798,0.189812,0.0585422,0.0771802,0.0343754
799,0.189818,0.0585247,0.0772489,0.0344245
800,0.189823,0.0585071,0.0773176,0.0344736
801,0.189829,0.0584895,0.0773865,0.0345226
802,0.189835,0.0584718,0.0774554,0.0345717
803,0.18984,0.0584541,0.0775244,0.0346208
804,0.189846,0.0584364,0.0775935,0.0346698
805,0.189852,0.0584186,0.0776628,0.0347189
806,0.189857,0.0584008,0.0777321,0.034768
807,0.189863,0.058383,0.0778015,0.034817
808,0.189869,0.0583651,0.077871,0.0348661
809,0.189874,0.0583473,0.0779406,0.0349151
810,0.18988,0.0583293,0.0780103,0.0349642
811,0.189885,0.0583114,0.0780801,0.0350133
812,0.189891,0.0582934,0.07815,0.0350623
813,0.189897,0.0582753,0.07822,0.0351114
814,0.189902,0.0582573,0.0782901,0.0351604
815,0.189908,0.0582392,0.0783603,0.0352095
816,0.189913,0.0582211,0.0784306,0.0352586
817,0.189919,0.0582029,0.078501,0.0353076
818,0.189924,0.0581847,0.0785715,0.0353567
819,0.18993,0.0581665,0.0786421,0.0354058
820,0.189935,0.0581482,0.0787127,0.0354548
821,0.18994,0.0581299,0.0787835,0.0355039
822,0.189946,0.0581115,0.0788544,0.0355529
823,0.189951,0.0580932,0.0789254,0.035602
824,0.189957,0.0580748,0.0789965,0.0356511
825,0.189962,0.0580563,0.0790677,0.0357001
826,0.189967,0.0580378,0.079139,0.0357492
827,0.189973,0.0580193,0.0792104,0.0357983
828,0.189978,0.0580008,0.0792818,0.0358473
829,0.189984,0.0579822,0.0793534,0.0358964
830,0.189989,0.0579636,0.0794251,0.0359454
831,0.189994,0.0579449,0.0794969,0.0359945
832,0.19,0.0579262,0.0795688,0.0360436
833,0.190005,0.0579075,0.0796408,0.0360926
834,0.19001,0.0578887,0.0797129,0.0361417
835,0.190016,0.0578699,0.0797851,0.0361908
836,0.190021,0.0578511,0.0798574,0.0362398
837,0.190026,0.0578322,0.0799299,0.0362889
838,0.190031,0.0578133,0.0800024,0.036338
839,0.190037,0.0577943,0.080075,0.036387
840,0.190042,0.0577753,0.0801477,0.0364361
841,0.190047,0.0577563,0.0802205,0.0364852
842,0.190052,0.0577373,0.0802935,0.0365342
843,0.190058,0.0577182,0.0803665,0.0365833
844,0.190063,0.057699,0.0804397,0.0366324
845,0.190068,0.0576798,0.0805129,0.0366814
846,0.190073,0.0576606,0.0805863,0.0367305
847,0.190079,0.0576414,0.0806597,0.0367796
848,0.190084,0.0576221,0.0807333,0.0368286
849,0.190089,0.0576028,0.080807,0.0368777
850,0.190094,0.0575834,0.0808807,0.0369268
851,0.190099,0.057564,0.0809546,0.0369758
852,0.190105,0.0575446,0.0810286,0.0370249
853,0.19011,0.0575251,0.0811027,0.037074
854,0.190115,0.0575056,0.0811769,0.037123
855,0.19012,0.0574861,0.0812512,0.0371721
856,0.190125,0.0574665,0.0813257,0.0372212
857,0.19013,0.0574468,0.0814002,0.0372702
858,0.190136,0.0574272,0.0814748,0.0373193
859,0.190141,0.0574075,0.0815496,0.0373684
860,0.190146,0.0573877,0.0816245,0.0374174
861,0.190151,0.0573679,0.0816994,0.0374665
862,0.190156,0.0573481,0.0817745,0.0375156
863,0.190161,0.0573283,0.0818497,0.0375646
864,0.190167,0.0573084,0.081925,0.0376137
865,0.190172,0.0572884,0.0820004,0.0376628
866,0.190177,0.0572684,0.0820759,0.0377118
867,0.190182,0.0572484,0.0821516,0.0377609
868,0.190187,0.0572284,0.0822273,0.0378099
869,0.190192,0.0572083,0.0823032,0.037859
870,0.190198,0.0571881,0.0823791,0.0379081
871,0.190203,0.0571679,0.0824552,0.0379571
872,0.190208,0.0571477,0.0825314,0.0380062
873,0.190213,0.0571275,0.0826077,0.0380552
874,0.190218,0.0571072,0.0826841,0.0381043
875,0.190223,0.0570868,0.0827607,0.0381533
876,0.190229,0.0570664,0.0828373,0.0382024
877,0.190234,0.057046,0.0829141,0.0382514
878,0.190239,0.0570256,0.082991,0.0383005
879,0.190244,0.0570051,0.083068,0.0383495
880,0.190249,0.0569845,0.0831451,0.0383986
881,0.190255,0.0569639,0.0832223,0.0384476
882,0.19026,0.0569433,0.0832996,0.0384967
883,0.190265,0.0569226,0.0833771,0.0385457
884,0.19027,0.0569019,0.0834547,0.0385947
885,0.190275,0.0568812,0.0835324,0.0386438
886,0.190281,0.0568604,0.0836102,0.0386928
887,0.190286,0.0568396,0.0836881,0.0387418
888,0.190291,0.0568187,0.0837661,0.0387909
889,0.190296,0.0567978,0.0838443,0.0388399
890,0.190302,0.0567768,0.0839226,0.0388889
891,0.190307,0.0567558,0.084001,0.0389379
892,0.190312,0.0567348,0.0840795,0.038987
893,0.190317,0.0567137,0.0841581,0.039036
894,0.190323,0.0566925,0.0842369,0.039085
895,0.190328,0.0566714,0.0843158,0.039134
896,0.190333,0.0566502,0.0843948,0.039183
897,0.190339,0.0566289,0.0844739,0.039232
898,0.190344,0.0566076,0.0845531,0.039281
899,0.190349,0.0565863,0.0846325,0.03933
900,0.190355,0.0565649,0.084712,0.039379
901,0.19036,0.0565434,0.0847916,0.0394279
902,0.190365,0.056522,0.0848713,0.0394769
903,0.190371,0.0565004,0.0849511,0.0395259
904,0.190376,0.0564789,0.0850311,0.0395749
905,0.190381,0.0564573,0.0851112,0.0396238
906,0.190387,0.0564356,0.0851914,0.0396728
907,0.190392,0.0564139,0.0852718,0.0397217
908,0.190398,0.0563922,0.0853523,0.0397707
909,0.190403,0.0563704,0.0854329,0.0398196
910,0.190409,0.0563486,0.0855136,0.0398686
911,0.190414,0.0563267,0.0855944,0.0399175
912,0.19042,0.0563048,0.0856754,0.0399664
913,0.190425,0.0562828,0.0857565,0.0400154
914,0.190431,0.0562608,0.0858377,0.0400643
915,0.190436,0.0562388,0.0859191,0.0401132
916,0.190442,0.0562167,0.0860006,0.0401621
917,0.190448,0.0561946,0.0860822,0.040211
918,0.190453,0.0561724,0.0861639,0.0402599
919,0.190459,0.0561501,0.0862458,0.0403087
920,0.190464,0.0561279,0.0863278,0.0403576
921,0.19047,0.0561055,0.0864099,0.0404065
922,0.190476,0.0560832,0.0864922,0.0404553
923,0.190482,0.0560607,0.0865746,0.0405042
924,0.190487,0.0560383,0.0866571,0.040553
925,0.190493,0.0560158,0.0867397,0.0406019
926,0.190499,0.0559932,0.0868225,0.0406507
927,0.190505,0.0559706,0.0869054,0.0406995
928,0.190511,0.055948,0.0869885,0.0407483
929,0.190516,0.0559253,0.0870717,0.0407971
930,0.190522,0.0559025,0.087155,0.0408459
931,0.190528,0.0558797,0.0872384,0.0408947
932,0.190534,0.0558569,0.087322,0.0409435
933,0.19054,0.055834,0.0874057,0.0409922
934,0.190546,0.0558111,0.0874896,0.041041
935,0.190552,0.0557881,0.0875736,0.0410897
936,0.190558,0.0557651,0.0876577,0.0411385
937,0.190564,0.055742,0.087742,0.0411872
938,0.19057,0.0557189,0.0878264,0.0412359
939,0.190576,0.0556957,0.0879109,0.0412846
940,0.190583,0.0556725,0.0879956,0.0413333
941,0.190589,0.0556492,0.0880804,0.0413819
942,0.190595,0.0556259,0.0881653,0.0414306
943,0.190601,0.0556025,0.0882504,0.0414792
944,0.190608,0.0555791,0.0883356,0.0415279
945,0.190614,0.0555556,0.088421,0.0415765
946,0.19062,0.0555321,0.0885065,0.0416251
947,0.190627,0.0555086,0.0885922,0.0416737
948,0.190633,0.055485,0.088678,0.0417223
949,0.190639,0.0554613,0.0887639,0.0417709
950,0.190646,0.0554376,0.08885,0.0418194
951,0.190652,0.0554138,0.0889362,0.041868
952,0.190659,0.05539,0.0890226,0.0419165
953,0.190666,0.0553661,0.0891091,0.041965
954,0.190672,0.0553422,0.0891957,0.0420135
955,0.190679,0.0553182,0.0892825,0.042062
956,0.190686,0.0552942,0.0893694,0.0421104
957,0.190692,0.0552702,0.0894565,0.0421589
958,0.190699,0.055246,0.0895438,0.0422073
959,0.190706,0.0552219,0.0896311,0.0422557
960,0.190713,0.0551976,0.0897187,0.0423041
961,0.19072,0.0551734,0.0898063,0.0423525
962,0.190727,0.055149,0.0898942,0.0424009
963,0.190734,0.0551247,0.0899821,0.0424492
964,0.190741,0.0551002,0.0900703,0.0424975
965,0.190748,0.0550757,0.0901585,0.0425458
966,0.190755,0.0550512,0.0902469,0.0425941
967,0.190762,0.0550266,0.0903355,0.0426424
968,0.190769,0.055002,0.0904242,0.0426906
969,0.190776,0.0549773,0.0905131,0.0427389
970,0.190784,0.0549525,0.0906021,0.0427871
971,0.190791,0.0549277,0.0906913,0.0428353
972,0.190798,0.0549029,0.0907806,0.0428834
973,0.190806,0.054878,0.0908701,0.0429316
974,0.190813,0.054853,0.0909598,0.0429797
975,0.190821,0.054828,0.0910496,0.0430278
976,0.190829,0.0548029,0.0911395,0.0430759
977,0.190836,0.0547778,0.0912296,0.0431239
978,0.190844,0.0547526,0.0913199,0.043172
979,0.190852,0.0547274,0.0914103,0.04322
980,0.190859,0.0547021,0.0915009,0.043268
981,0.190867,0.0546767,0.0915916,0.0433159
982,0.190875,0.0546513,0.0916825,0.0433639
983,0.190883,0.0546259,0.0917736,0.0434118
984,0.190891,0.0546003,0.0918648,0.0434597
985,0.190899,0.0545748,0.0919562,0.0435075
986,0.190907,0.0545491,0.0920477,0.0435553
987,0.190915,0.0545234,0.0921394,0.0436031
988,0.190924,0.0544977,0.0922313,0.0436509
989,0.190932,0.0544719,0.0923233,0.0436987
990,0.19094,0.0544461,0.0924155,0.0437464
991,0.190949,0.0544201,0.0925078,0.0437941
992,0.190957,0.0543942,0.0926003,0.0438418
993,0.190966,0.0543681,0.092693,0.0438894
994,0.190974,0.0543421,0.0927858,0.043937
995,0.190983,0.0543159,0.0928789,0.0439846
996,0.190992,0.0542897,0.092972,0.0440321
997,0.191,0.0542634,0.0930654,0.0440796
998,0.191009,0.0542371,0.0931589,0.0441271
999,0.191018,0.0542107,0.0932526,0.0441746
1000,0.191027,0.0541843,0.0933464,0.044222
1001,0.191036,0.0541578,0.0934405,0.0442694
1002,0.191045,0.0541312,0.0935346,0.0443167
1003,0.191054,0.0541046,0.093629,0.044364
1004,0.191064,0.0540779,0.0937235,0.0444113
1005,0.191073,0.0540512,0.0938182,0.0444586
1006,0.191082,0.0540244,0.0939131,0.0445058
1007,0.191092,0.0539975,0.0940082,0.0445529
1008,0.191101,0.0539706,0.0941034,0.0446001
1009,0.191111,0.0539436,0.0941988,0.0446472
1010,0.191121,0.0539166,0.0942944,0.0446942
1011,0.19113,0.0538895,0.0943902,0.0447413
1012,0.19114,0.0538623,0.0944861,0.0447883
1013,0.19115,0.0538351,0.0945822,0.0448352
1014,0.19116,0.0538078,0.0946785,0.0448821
1015,0.19117,0.0537804,0.0947749,0.044929
1016,0.19118,0.053753,0.0948716,0.0449758
1017,0.19119,0.0537255,0.0949684,0.0450226
1018,0.191201,0.053698,0.0950654,0.0450694
1019,0.191211,0.0536703,0.0951626,0.0451161
1020,0.191221,0.0536427,0.09526,0.0451627
1021,0.191232,0.0536149,0.0953575,0.0452093
1022,0.191242,0.0535871,0.0954553,0.0452559
1023,0.191253,0.0535592,0.0955532,0.0453024
1024,0.191264,0.0535313,0.0956513,0.0453489
1025,0.191275,0.0535033,0.0957496,0.0453954
1026,0.191286,0.0534752,0.0958481,0.0454418
1027,0.191297,0.0534471,0.0959468,0.0454881
1028,0.191308,0.0534189,0.0960456,0.0455344
1029,0.191319,0.0533906,0.0961447,0.0455806
1030,0.19133,0.0533623,0.0962439,0.0456268
1031,0.191342,0.0533339,0.0963433,0.045673
1032,0.191353,0.0533054,0.0964429,0.0457191
1033,0.191365,0.0532769,0.0965427,0.0457652
1034,0.191376,0.0532483,0.0966427,0.0458112
1035,0.191388,0.0532196,0.0967429,0.0458571
1036,0.1914,0.0531909,0.0968433,0.045903
1037,0.191412,0.053162,0.0969439,0.0459488
1038,0.191424,0.0531332,0.0970446,0.0459946
1039,0.191436,0.0531042,0.0971456,0.0460404
1040,0.191448,0.0530752,0.0972468,0.046086
1041,0.19146,0.0530461,0.0973481,0.0461317
1042,0.191473,0.0530169,0.0974497,0.0461772
1043,0.191485,0.0529877,0.0975515,0.0462227
1044,0.191498,0.0529584,0.0976534,0.0462682
1045,0.191511,0.052929,0.0977556,0.0463136
1046,0.191523,0.0528996,0.0978579,0.0463589
1047,0.191536,0.0528701,0.0979605,0.0464042
1048,0.191549,0.0528405,0.0980633,0.0464494
1049,0.191563,0.0528108,0.0981662,0.0464946
1050,0.191576,0.0527811,0.0982694,0.0465397
1051,0.191589,0.0527513,0.0983728,0.0465847
1052,0.191603,0.0527214,0.0984764,0.0466296
1053,0.191616,0.0526914,0.0985802,0.0466745
1054,0.19163,0.0526614,0.0986842,0.0467194
1055,0.191643,0.0526313,0.0987884,0.0467642
1056,0.191657,0.0526011,0.0988928,0.0468089
1057,0.191671,0.0525708,0.0989974,0.0468535
1058,0.191685,0.0525405,0.0991023,0.0468981
1059,0.1917,0.0525101,0.0992073,0.0469426
1060,0.191714,0.0524796,0.0993126,0.046987
1061,0.191728,0.052449,0.099418,0.0470313
1062,0.191743,0.0524184,0.0995237,0.0470756
1063,0.191758,0.0523877,0.0996296,0.0471198
1064,0.191772,0.0523569,0.0997357,0.047164
1065,0.191787,0.052326,0.0998421,0.0472081
1066,0.191802,0.0522951,0.0999486,0.0472521
1067,0.191818,0.052264,0.100055,0.047296
1068,0.191833,0.0522329,0.100162,0.0473398
1069,0.191848,0.0522017,0.10027,0.0473836
1070,0.191864,0.0521704,0.100377,0.0474273
1071,0.191879,0.0521391,0.100485,0.0474709
1072,0.191895,0.0521077,0.100593,0.0475144
1073,0.191911,0.0520761,0.100701,0.0475579
1074,0.191927,0.0520445,0.100809,0.0476012
1075,0.191943,0.0520129,0.100918,0.0476445
1076,0.19196,0.0519811,0.101026,0.0476877
1077,0.191976,0.0519493,0.101135,0.0477308
1078,0.191992,0.0519173,0.101245,0.0477739
1079,0.192009,0.0518853,0.101354,0.0478168
1080,0.192026,0.0518532,0.101464,0.0478597
1081,0.192043,0.051821,0.101574,0.0479025
1082,0.19206,0.0517888,0.101684,0.0479452
1083,0.192077,0.0517564,0.101794,0.0479877
1084,0.192095,0.051724,0.101905,0.0480303
1085,0.192112,0.0516915,0.102016,0.0480727
1086,0.19213,0.0516589,0.102127,0.048115
1087,0.192147,0.0516262,0.102238,0.0481572
1088,0.192165,0.0515934,0.10235,0.0481994
1089,0.192183,0.0515605,0.102461,0.0482414
1090,0.192202,0.0515275,0.102573,0.0482833
1091,0.19222,0.0514945,0.102686,0.0483252
1092,0.192239,0.0514613,0.102798,0.0483669
1093,0.192257,0.0514281,0.102911,0.0484086
1094,0.192276,0.0513948,0.103024,0.0484501
1095,0.192295,0.0513614,0.103137,0.0484916
1096,0.192314,0.0513279,0.103251,0.0485329
1097,0.192333,0.0512943,0.103364,0.0485742
1098,0.192353,0.0512606,0.103478,0.0486153
1099,0.192372,0.0512268,0.103593,0.0486563
1100,0.192392,0.051193,0.103707,0.0486973
1101,0.192412,0.051159,0.103822,0.0487381
1102,0.192432,0.0511249,0.103937,0.0487788
1103,0.192452,0.0510908,0.104052,0.0488194
1104,0.192472,0.0510565,0.104168,0.0488599
1105,0.192493,0.0510222,0.104283,0.0489003
1106,0.192513,0.0509877,0.104399,0.0489405
1107,0.192534,0.0509532,0.104515,0.0489807
1108,0.192555,0.0509186,0.104632,0.0490207
1109,0.192576,0.0508838,0.104749,0.0490606
1110,0.192598,0.050849,0.104866,0.0491004
1111,0.192619,0.0508141,0.104983,0.0491401
1112,0.192641,0.0507791,0.105101,0.0491797
1113,0.192663,0.0507439,0.105218,0.0492191
1114,0.192685,0.0507087,0.105336,0.0492584
1115,0.192707,0.0506734,0.105455,0.0492976
1116,0.192729,0.0506379,0.105573,0.0493367
1117,0.192752,0.0506024,0.105692,0.0493757
1118,0.192774,0.0505668,0.105811,0.0494145
1119,0.192797,0.050531,0.105931,0.0494532
1120,0.19282,0.0504952,0.10605,0.0494917
1121,0.192843,0.0504593,0.10617,0.0495302
1122,0.192867,0.0504232,0.106291,0.0495685
1123,0.19289,0.0503871,0.106411,0.0496066
1124,0.192914,0.0503508,0.106532,0.0496447
1125,0.192938,0.0503144,0.106653,0.0496826
1126,0.192962,0.050278,0.106774,0.0497203
1127,0.192986,0.0502414,0.106896,0.0497579
1128,0.193011,0.0502047,0.107018,0.0497954
1129,0.193036,0.0501679,0.10714,0.0498328
1130,0.19306,0.050131,0.107262,0.04987
1131,0.193085,0.050094,0.107385,0.049907
1132,0.193111,0.0500569,0.107508,0.0499439
1133,0.193136,0.0500197,0.107631,0.0499807
1134,0.193162,0.0499823,0.107755,0.0500173
1135,0.193188,0.0499449,0.107878,0.0500538
1136,0.193214,0.0499073,0.108002,0.0500901
1137,0.19324,0.0498696,0.108127,0.0501263
1138,0.193266,0.0498318,0.108252,0.0501623
1139,0.193293,0.0497939,0.108377,0.0501981
1140,0.19332,0.0497559,0.108502,0.0502339
1141,0.193347,0.0497177,0.108627,0.0502694
1142,0.193374,0.0496795,0.108753,0.0503048
1143,0.193401,0.0496411,0.108879,0.05034
1144,0.193429,0.0496026,0.109006,0.0503751
1145,0.193457,0.049564,0.109133,0.05041
1146,0.193485,0.0495253,0.10926,0.0504447
1147,0.193513,0.0494864,0.109387,0.0504793
1148,0.193542,0.0494475,0.109515,0.0505137
1149,0.19357,0.0494084,0.109643,0.050548
1150,0.193599,0.0493692,0.109771,0.0505821
1151,0.193628,0.0493299,0.109899,0.050616
1152,0.193658,0.0492904,0.110028,0.0506497
1153,0.193687,0.0492508,0.110157,0.0506832
1154,0.193717,0.0492111,0.110287,0.0507166
1155,0.193747,0.0491713,0.110417,0.0507498
1156,0.193777,0.0491314,0.110547,0.0507828
1157,0.193808,0.0490913,0.110677,0.0508157
1158,0.193838,0.0490511,0.110808,0.0508483
1159,0.193869,0.0490108,0.110939,0.0508808
1160,0.1939,0.0489703,0.11107,0.0509131
1161,0.193932,0.0489297,0.111202,0.0509452
1162,0.193963,0.048889,0.111334,0.0509771
1163,0.193995,0.0488482,0.111466,0.0510089
1164,0.194027,0.0488072,0.111599,0.0510404
1165,0.194059,0.0487661,0.111732,0.0510717
1166,0.194092,0.0487248,0.111865,0.0511029
1167,0.194125,0.0486835,0.111998,0.0511338
1168,0.194157,0.048642,0.112132,0.0511646
1169,0.194191,0.0486003,0.112266,0.0511952
1170,0.194224,0.0485586,0.112401,0.0512255
1171,0.194258,0.0485166,0.112536,0.0512557
1172,0.194292,0.0484746,0.112671,0.0512856
1173,0.194326,0.0484324,0.112807,0.0513153
1174,0.19436,0.0483901,0.112942,0.0513449
1175,0.194395,0.0483476,0.113079,0.0513742
1176,0.19443,0.048305,0.113215,0.0514033
1177,0.194465,0.0482623,0.113352,0.0514322
1178,0.194501,0.0482194,0.113489,0.0514609
1179,0.194536,0.0481764,0.113627,0.0514894
1180,0.194572,0.0481332,0.113765,0.0515176
1181,0.194608,0.0480899,0.113903,0.0515456
1182,0.194645,0.0480465,0.114041,0.0515734
1183,0.194681,0.0480029,0.11418,0.051601
1184,0.194718,0.0479591,0.11432,0.0516284
1185,0.194756,0.0479153,0.114459,0.0516555
1186,0.194793,0.0478712,0.114599,0.0516824
1187,0.194831,0.047827,0.114739,0.0517091
1188,0.194869,0.0477827,0.11488,0.0517355
1189,0.194907,0.0477382,0.115021,0.0517617
1190,0.194946,0.0476936,0.115162,0.0517877
1191,0.194984,0.0476488,0.115304,0.0518134
1192,0.195024,0.0476039,0.115446,0.0518389
1193,0.195063,0.0475588,0.115589,0.0518642
1194,0.195103,0.0475136,0.115731,0.0518892
1195,0.195142,0.0474682,0.115874,0.0519139
1196,0.195183,0.0474226,0.116018,0.0519385
1197,0.195223,0.0473769,0.116162,0.0519627
1198,0.195264,0.0473311,0.116306,0.0519867
1199,0.195305,0.047285,0.11645,0.0520105
1200,0.195346,0.0472389,0.116595,0.052034
1201,0.195388,0.0471925,0.116741,0.0520573
1202,0.195429,0.047146,0.116886,0.0520803
1203,0.195472,0.0470994,0.117032,0.052103
1204,0.195514,0.0470526,0.117179,0.0521255
1205,0.195557,0.0470056,0.117325,0.0521477
1206,0.1956,0.0469584,0.117473,0.0521696
1207,0.195643,0.0469111,0.11762,0.0521913
1208,0.195687,0.0468637,0.117768,0.0522127
1209,0.195731,0.046816,0.117916,0.0522338
1210,0.195775,0.0467682,0.118065,0.0522547
1211,0.195819,0.0467203,0.118214,0.0522752
1212,0.195864,0.0466721,0.118363,0.0522955
1213,0.195909,0.0466238,0.118513,0.0523156
1214,0.195954,0.0465753,0.118663,0.0523353
1215,0.196,0.0465267,0.118814,0.0523548
1216,0.196046,0.0464779,0.118965,0.0523739
1217,0.196092,0.0464289,0.119116,0.0523928
1218,0.196139,0.0463797,0.119268,0.0524114
1219,0.196186,0.0463304,0.11942,0.0524297
1220,0.196233,0.0462809,0.119572,0.0524477
1221,0.196281,0.0462312,0.119725,0.0524654
1222,0.196328,0.0461813,0.119878,0.0524828
1223,0.196377,0.0461313,0.120032,0.0524999
1224,0.196425,0.046081,0.120186,0.0525167
1225,0.196474,0.0460306,0.120341,0.0525332
1226,0.196523,0.0459801,0.120495,0.0525494
1227,0.196572,0.0459293,0.120651,0.0525653
1228,0.196622,0.0458784,0.120806,0.0525809
1229,0.196672,0.0458272,0.120962,0.0525961
1230,0.196723,0.0457759,0.121119,0.0526111
1231,0.196773,0.0457244,0.121276,0.0526257
1232,0.196824,0.0456727,0.121433,0.05264
1233,0.196876,0.0456209,0.121591,0.052654
1234,0.196927,0.0455688,0.121749,0.0526677
1235,0.196979,0.0455166,0.121907,0.052681
1236,0.197032,0.0454641,0.122066,0.052694
1237,0.197084,0.0454115,0.122225,0.0527067
1238,0.197137,0.0453587,0.122385,0.0527191
1239,0.197191,0.0453057,0.122545,0.0527311
1240,0.197245,0.0452525,0.122706,0.0527427
1241,0.197299,0.0451991,0.122867,0.0527541
1242,0.197353,0.0451455,0.123028,0.0527651
1243,0.197408,0.0450917,0.12319,0.0527757
1244,0.197463,0.0450378,0.123352,0.052786
1245,0.197518,0.0449836,0.123515,0.052796
1246,0.197574,0.0449292,0.123678,0.0528056
1247,0.19763,0.0448746,0.123841,0.0528149
1248,0.197686,0.0448199,0.124005,0.0528238
1249,0.197743,0.0447649,0.12417,0.0528323
1250,0.1978,0.0447097,0.124334,0.0528405
1251,0.197858,0.0446543,0.124499,0.0528484
1252,0.197916,0.0445988,0.124665,0.0528558
1253,0.197974,0.044543,0.124831,0.0528629
1254,0.198033,0.044487,0.124998,0.0528697
1255,0.198092,0.0444308,0.125165,0.052876
1256,0.198151,0.0443744,0.125332,0.052882
1257,0.198211,0.0443178,0.1255,0.0528877
1258,0.198271,0.044261,0.125668,0.0528929
1259,0.198331,0.0442039,0.125837,0.0528978
1260,0.198392,0.0441467,0.126006,0.0529023
1261,0.198453,0.0440893,0.126175,0.0529064
1262,0.198514,0.0440316,0.126345,0.0529101
1263,0.198576,0.0439737,0.126516,0.0529134
1264,0.198638,0.0439156,0.126687,0.0529164
1265,0.198701,0.0438573,0.126858,0.0529189
1266,0.198764,0.0437988,0.12703,0.0529211
1267,0.198827,0.0437401,0.127202,0.0529229
1268,0.198891,0.0436811,0.127375,0.0529242
1269,0.198955,0.0436219,0.127548,0.0529252
1270,0.19902,0.0435626,0.127721,0.0529257
1271,0.199084,0.0435029,0.127895,0.0529259
1272,0.19915,0.0434431,0.12807,0.0529257
1273,0.199215,0.0433831,0.128245,0.052925
1274,0.199281,0.0433228,0.12842,0.0529239
1275,0.199348,0.0432623,0.128596,0.0529224
1276,0.199414,0.0432016,0.128772,0.0529205
1277,0.199481,0.0431406,0.128949,0.0529182
1278,0.199549,0.0430794,0.129126,0.0529155
1279,0.199617,0.043018,0.129304,0.0529123
1280,0.199685,0.0429564,0.129482,0.0529087
1281,0.199754,0.0428946,0.12966,0.0529047
1282,0.199823,0.0428325,0.129839,0.0529003
1283,0.199893,0.0427702,0.130019,0.0528954
1284,0.199962,0.0427076,0.130199,0.0528901
1285,0.200033,0.0426448,0.130379,0.0528844
1286,0.200103,0.0425818,0.13056,0.0528782
1287,0.200174,0.0425186,0.130742,0.0528716
1288,0.200246,0.0424551,0.130924,0.0528645
1289,0.200318,0.0423914,0.131106,0.052857
1290,0.20039,0.0423274,0.131289,0.0528491
1291,0.200463,0.0422632,0.131472,0.0528407
1292,0.200536,0.0421988,0.131656,0.0528318
1293,0.200609,0.0421342,0.13184,0.0528225
1294,0.200683,0.0420693,0.132025,0.0528127
1295,0.200757,0.0420041,0.13221,0.0528025
1296,0.200832,0.0419387,0.132395,0.0527919
1297,0.200907,0.0418731,0.132581,0.0527807
1298,0.200983,0.0418073,0.132768,0.0527691
1299,0.201059,0.0417412,0.132955,0.0527571
1300,0.201135,0.0416748,0.133143,0.0527445
1301,0.201212,0.0416082,0.133331,0.0527315
1302,0.201289,0.0415414,0.133519,0.052718
1303,0.201367,0.0414743,0.133708,0.0527041
1304,0.201445,0.041407,0.133898,0.0526897
1305,0.201523,0.0413394,0.134087,0.0526748
1306,0.201602,0.0412716,0.134278,0.0526594
1307,0.201681,0.0412035,0.134469,0.0526435
1308,0.201761,0.0411352,0.13466,0.0526272
1309,0.201841,0.0410666,0.134852,0.0526103
1310,0.201921,0.0409978,0.135044,0.052593
1311,0.202002,0.0409287,0.135237,0.0525752
1312,0.202084,0.0408594,0.135431,0.0525569
1313,0.202165,0.0407898,0.135625,0.0525381
1314,0.202248,0.04072,0.135819,0.0525188
1315,0.20233,0.0406499,0.136014,0.052499
1316,0.202413,0.0405796,0.136209,0.0524787
1317,0.202497,0.040509,0.136405,0.0524579
1318,0.202581,0.0404382,0.136601,0.0524366
1319,0.202665,0.0403671,0.136798,0.0524148
1320,0.20275,0.0402957,0.136995,0.0523925
1321,0.202835,0.0402241,0.137193,0.0523697
1322,0.20292,0.0401522,0.137391,0.0523464
1323,0.203006,0.0400801,0.13759,0.0523225
1324,0.203093,0.0400077,0.137789,0.0522982
1325,0.20318,0.0399351,0.137989,0.0522733
1326,0.203267,0.0398622,0.138189,0.0522479
1327,0.203355,0.039789,0.13839,0.052222
1328,0.203443,0.0397156,0.138591,0.0521955
1329,0.203532,0.0396419,0.138793,0.0521686
1330,0.203621,0.0395679,0.138995,0.0521411
1331,0.20371,0.0394937,0.139197,0.0521131
1332,0.2038,0.0394193,0.139401,0.0520845
1333,0.20389,0.0393445,0.139604,0.0520555
1334,0.203981,0.0392696,0.139809,0.0520259
1335,0.204072,0.0391943,0.140013,0.0519957
1336,0.204164,0.0391188,0.140218,0.0519651
1337,0.204256,0.039043,0.140424,0.0519339
1338,0.204349,0.0389669,0.14063,0.0519021
1339,0.204442,0.0388906,0.140837,0.0518698
1340,0.204535,0.038814,0.141044,0.051837
1341,0.204629,0.0387372,0.141252,0.0518036
1342,0.204723,0.0386601,0.14146,0.0517697
1343,0.204818,0.0385827,0.141669,0.0517352
1344,0.204913,0.0385051,0.141878,0.0517002
1345,0.205009,0.0384272,0.142087,0.0516647
1346,0.205105,0.038349,0.142298,0.0516286
1347,0.205201,0.0382706,0.142508,0.0515919
1348,0.205298,0.0381919,0.142719,0.0515547
1349,0.205395,0.0381129,0.142931,0.0515169
1350,0.205493,0.0380336,0.143143,0.0514786
1351,0.205591,0.0379541,0.143356,0.0514397
1352,0.20569,0.0378744,0.143569,0.0514003
1353,0.205789,0.0377943,0.143783,0.0513602
1354,0.205889,0.037714,0.143997,0.0513197
1355,0.205989,0.0376334,0.144211,0.0512786
1356,0.206089,0.0375526,0.144427,0.0512369
1357,0.20619,0.0374714,0.144642,0.0511946
1358,0.206291,0.0373901,0.144858,0.0511518
1359,0.206393,0.0373084,0.145075,0.0511084
1360,0.206495,0.0372265,0.145292,0.0510645
1361,0.206598,0.0371443,0.14551,0.0510199
1362,0.206701,0.0370618,0.145728,0.0509748
1363,0.206804,0.0369791,0.145946,0.0509292
1364,0.206908,0.0368961,0.146166,0.0508829
1365,0.207012,0.0368129,0.146385,0.0508361
1366,0.207117,0.0367293,0.146605,0.0507887
1367,0.207222,0.0366455,0.146826,0.0507408
1368,0.207328,0.0365615,0.147047,0.0506923
1369,0.207434,0.0364771,0.147268,0.0506431
1370,0.207541,0.0363926,0.147491,0.0505935
1371,0.207648,0.0363077,0.147713,0.0505432
1372,0.207755,0.0362226,0.147936,0.0504923
1373,0.207863,0.0361372,0.14816,0.0504409
1374,0.207971,0.0360515,0.148384,0.0503889
1375,0.20808,0.0359656,0.148608,0.0503363
1376,0.208189,0.0358794,0.148833,0.0502832
1377,0.208298,0.0357929,0.149059,0.0502294
1378,0.208408,0.0357062,0.149285,0.0501751
1379,0.208519,0.0356192,0.149511,0.0501201
1380,0.208629,0.0355319,0.149738,0.0500646
1381,0.208741,0.0354444,0.149965,0.0500085
