Temp,"HSN(Al,Al)@fcc","HSN(Cr,Cr)@fcc","HSN(Al,Cr)@fcc"
201,432990,1.52568e+08,107070
202,432882,1.53233e+08,106934
203,432772,1.53893e+08,106796
204,432661,1.54545e+08,106657
205,432549,1.5519e+08,106516
206,432436,1.55827e+08,106375
207,432321,1.56456e+08,106232
208,432206,1.57077e+08,106088
209,432090,1.57688e+08,105942
210,431972,1.5829e+08,105796
211,431853,1.58882e+08,105648
212,431733,1.59464e+08,105499
213,431612,1.60034e+08,105348
214,431490,1.60594e+08,105196
215,431367,1.61141e+08,105042
216,431242,1.61676e+08,104888
217,431116,1.62198e+08,104732
218,430989,1.62707e+08,104574
219,430861,1.63201e+08,104415
220,430732,1.6368e+08,104254
221,430601,1.64144e+08,104093
222,430469,1.64592e+08,103929
223,430335,1.65023e+08,103764
224,430201,1.65437e+08,103598
225,430065,1.65833e+08,103430
226,429927,1.6621e+08,103260
227,429789,1.66568e+08,103089
228,429649,1.66906e+08,102916
229,429507,1.67224e+08,102742
230,429364,1.6752e+08,102566
231,429220,1.67793e+08,102388
232,429074,1.68044e+08,102209
233,428927,1.68271e+08,102028
234,428779,1.68474e+08,101845
235,428629,1.68652e+08,101661
236,428477,1.68805e+08,101475
237,428325,1.6893e+08,101287
238,428170,1.69029e+08,101097
239,428014,1.691e+08,100905
240,427857,1.69142e+08,100712
241,427698,1.69155e+08,100517
242,427537,1.69139e+08,100320
243,427375,1.69091e+08,100121
244,427211,1.69013e+08,99919.6
245,427045,1.68903e+08,99716.8
246,426878,1.6876e+08,99511.9
247,426709,1.68585e+08,99305.1
248,426539,1.68376e+08,99096.3
249,426367,1.68134e+08,98885.4
250,426193,1.67857e+08,98672.5
251,426017,1.67545e+08,98457.5
252,425840,1.67198e+08,98240.4
253,425661,1.66815e+08,98021.1
254,425480,1.66397e+08,97799.7
255,425297,1.65942e+08,97576.1
256,425113,1.65451e+08,97350.3
257,424927,1.64923e+08,97122.3
258,424738,1.64358e+08,96892
259,424548,1.63757e+08,96659.4
260,424356,1.63119e+08,96424.5
261,424162,1.62444e+08,96187.3
262,423967,1.61732e+08,95947.6
263,423769,1.60984e+08,95705.6
264,423569,1.60199e+08,95461.2
265,423367,1.59378e+08,95214.2
266,423163,1.58521e+08,94964.8
267,422957,1.57629e+08,94712.9
268,422749,1.56701e+08,94458.4
269,422539,1.55739e+08,94201.3
270,422327,1.54743e+08,93941.7
271,422113,1.53713e+08,93679.3
272,421896,1.5265e+08,93414.3
273,421677,1.51554e+08,93146.5
274,421456,1.50428e+08,92876
275,421233,1.4927e+08,92602.8
276,421008,1.48082e+08,92326.7
277,420780,1.46866e+08,92047.7
278,420550,1.45621e+08,91765.8
279,420317,1.44349e+08,91481
280,420083,1.43051e+08,91193.2
281,419845,1.41727e+08,90902.5
282,419606,1.4038e+08,90608.6
283,419363,1.39009e+08,90311.7
284,419119,1.37616e+08,90011.6
285,418872,1.36203e+08,89708.4
286,418622,1.3477e+08,89401.9
287,418370,1.33319e+08,89092.2
288,418115,1.3185e+08,88779.2
289,417857,1.30365e+08,88462.8
290,417597,1.28865e+08,88143
291,417334,1.27352e+08,87819.8
292,417068,1.25826e+08,87493.1
293,416799,1.24289e+08,87162.9
294,416528,1.22742e+08,86829
295,416254,7.95847e+07,86491.4
296,415977,4.8338e+07,86148.7
297,415696,4.04616e+07,85802.1
298,415413,3.57775e+07,85451.6
299,415127,3.24447e+07,85097.2
300,414838,2.98625e+07,84738.7
301,414546,2.77584e+07,84376.2
302,414250,2.59858e+07,84009.5
303,413952,2.44567e+07,83638.6
304,413650,2.31139e+07,83263.4
305,413345,2.19185e+07,82883.9
306,413036,2.08425e+07,82499.9
307,412725,1.98654e+07,82111.5
308,412409,1.89713e+07,81718.4
309,412091,1.81483e+07,81320.8
310,411768,1.73865e+07,80918.4
311,411443,1.66782e+07,80511.2
312,411113,1.60171e+07,80099.2
313,410780,1.53977e+07,79682.1
314,410443,1.48157e+07,79260
315,410103,1.42673e+07,78832.8
316,409758,1.37493e+07,78400.3
317,409410,1.3259e+07,77962.4
318,409057,1.27939e+07,77519.2
319,408701,1.2352e+07,77070.4
320,408340,1.19314e+07,76615.9
321,407976,1.15305e+07,76155.7
322,407607,1.11479e+07,75689.7
323,407233,1.07822e+07,75217.7
324,406856,1.04323e+07,74739.6
325,406473,1.00972e+07,74255.3
326,406087,9.77598e+06,73764.7
327,405695,9.4677e+06,73267.6
328,405299,9.17162e+06,72763.9
329,404898,8.88703e+06,72253.5
330,404493,8.61329e+06,71736.3
331,404082,8.34979e+06,71212
332,403666,8.09599e+06,70680.6
333,403245,7.85139e+06,70141.8
334,402819,7.6155e+06,69595.6
335,402387,7.3879e+06,69041.7
336,401950,7.16818e+06,68480.1
337,401507,6.95597e+06,67910.4
338,401059,6.75091e+06,67332.6
339,400605,6.55267e+06,66746.4
340,400144,6.36095e+06,66151.6
341,399678,6.17546e+06,65548.1
342,399206,5.99593e+06,64935.5
343,398727,5.82209e+06,64313.8
344,398241,5.65371e+06,63682.6
345,397749,5.49057e+06,63041.8
346,397251,5.33244e+06,62391
347,396745,5.17913e+06,61730.1
348,396232,5.03045e+06,61058.7
349,395712,4.8862e+06,60376.6
350,395184,4.74622e+06,59683.4
351,394649,4.61034e+06,58979
352,394106,4.47841e+06,58262.8
353,393554,4.35028e+06,57534.7
354,392995,4.22581e+06,56794.3
355,392427,4.10486e+06,56041.1
356,391850,3.9873e+06,55274.9
357,391264,3.87301e+06,54495.2
358,390669,3.76187e+06,53701.6
359,390065,3.65377e+06,52893.7
360,389451,3.5486e+06,52071
361,388826,3.44626e+06,51233.1
362,388192,3.34665e+06,50379.3
363,387546,3.24967e+06,49509.2
364,386890,3.15523e+06,48622.3
365,386222,3.06325e+06,47717.9
366,385542,2.97363e+06,46795.4
367,384850,2.8863e+06,45854.1
368,384146,2.80119e+06,44893.4
369,383428,2.71821e+06,43912.5
370,382697,2.63728e+06,42910.6
371,381952,2.55836e+06,41886.9
372,381192,2.48135e+06,40840.6
373,380417,2.4062e+06,39770.5
374,379627,2.33285e+06,38675.9
375,378820,2.26123e+06,37555.6
376,377996,2.19128e+06,36408.4
377,377154,2.12295e+06,35233.2
378,376293,2.05617e+06,34028.6
379,375413,1.9909e+06,32793.3
380,374513,1.92708e+06,31525.7
381,373591,1.86466e+06,30224.2
382,372647,1.80358e+06,28887.1
383,371680,1.7438e+06,27512.5
384,370687,1.68527e+06,26098.2
385,369669,1.62794e+06,24642.2
386,368623,1.57176e+06,23142
387,367548,1.51668e+06,21594.9
388,366443,1.46267e+06,19998
389,365304,1.40966e+06,18348.1
390,364130,1.35761e+06,16641.8
391,362920,1.30649e+06,14875
392,361669,1.25623e+06,13043.6
393,360376,1.20679e+06,11142.7
394,359037,1.15812e+06,9166.95
395,357649,1.11018e+06,7110.22
396,356207,1.06289e+06,4965.68
397,354707,1.01622e+06,2725.54
398,353143,970100,380.856
399,351510,924464,-2078.69
400,349800,879245,-4665.08
401,348004,834367,-7392.38
402,346114,789742,-10277.3
403,344117,745274,-13339.8
404,341998,700847,-16604.2
405,339740,656328,-20100.5
406,337321,611551,-23866.4
407,334711,566311,-27950.5
408,331873,520344,-32416.8
409,328755,473292,-37352.7
410,325283,424657,-42883.3
411,321345,373689,-49197
412,316760,319166,-56603.6
413,311185,258818,-65679.8
414,303828,187364,-77768.5
416,374933,234233,50671.1
417,378497,238324,57232.3
418,381686,242000,63124.1
419,384561,245325,68455.6
420,387171,248349,73312
421,389553,251115,77761
422,391739,253658,81857.3
423,393752,256004,85645.7
424,395615,258179,89163.5
425,397344,260202,92441.7
426,398955,262090,95506.8
427,400459,263858,98381
428,401868,265519,101084
429,403191,267084,103631
430,404435,268561,106039
431,405609,269960,108318
432,406718,271288,110481
433,407768,272550,112536
434,408763,273753,114494
435,409707,274902,116360
436,410606,276001,118143
437,411461,277054,119848
438,412276,278065,121481
439,413054,279037,123047
440,413798,279972,124550
441,414509,280874,125995
442,415190,281745,127385
443,415843,282586,128724
444,416469,283399,130014
445,417070,284187,131259
446,417647,284951,132461
447,418202,285692,133623
448,418735,286411,134746
449,419249,287111,135833
450,419744,287791,136885
451,420220,288453,137905
452,420680,289098,138893
453,421123,289726,139853
454,421551,290339,140783
455,421963,290937,141687
456,422362,291520,142566
457,422747,292090,143419
458,423119,292647,144250
459,423479,293192,145057
460,423827,293724,145843
461,424164,294245,146609
462,424489,294754,147354
463,424804,295253,148081
464,425109,295742,148789
465,425404,296220,149479
466,425690,296689,150152
467,425967,297148,150809
468,426235,297598,151450
469,426495,298040,152075
470,426746,298472,152686
471,426990,298897,153283
472,427226,299313,153866
473,427455,299721,154435
474,427676,300122,154991
475,427891,300515,155535
476,428099,300901,156067
477,428300,301280,156587
478,428496,301652,157096
479,428685,302017,157593
480,428868,302376,158080
481,429046,302728,158556
482,429217,303074,159022
483,429384,303413,159479
484,429545,303747,159925
485,429701,304074,160363
486,429852,304396,160791
487,429998,304712,161210
488,430140,305022,161621
489,430277,305327,162024
490,430409,305626,162418
491,430537,305920,162804
492,430661,306209,163183
493,430780,306493,163554
494,430896,306772,163918
495,431007,307046,164274
496,431115,307316,164624
497,431218,307580,164966
498,431318,307840,165302
499,431415,308095,165631
500,431508,308346,165954
501,431597,308592,166271
502,431684,308834,166581
503,431766,309071,166886
504,431846,309305,167185
505,431922,309534,167478
506,431996,309759,167765
507,432066,309980,168047
508,432134,310198,168324
509,432198,310411,168595
510,432260,310620,168861
511,432319,310826,169123
512,432375,311028,169379
513,432428,311226,169630
514,432479,311421,169877
515,432527,311612,170119
516,432573,311800,170357
517,432617,311984,170590
518,432658,312164,170819
519,432696,312342,171044
520,432732,312516,171264
521,432766,312687,171481
522,432798,312854,171693
523,432828,313019,171902
524,432855,313180,172106
525,432881,313338,172307
526,432904,313493,172504
527,432925,313645,172697
528,432944,313795,172887
529,432962,313941,173073
530,432977,314084,173256
531,432991,314225,173436
532,433002,314363,173612
533,433012,314498,173785
534,433020,314630,173955
535,433026,314760,174121
536,433031,314887,174285
537,433034,315011,174445
538,433035,315133,174602
539,433035,315252,174757
540,433033,315369,174909
541,433029,315483,175057
542,433024,315595,175203
543,433017,315705,175347
544,433009,315812,175487
545,432999,315917,175625
546,432988,316019,175761
547,432975,316119,175893
548,432961,316217,176024
549,432946,316313,176152
550,432929,316406,176277
551,432911,316498,176400
552,432892,316587,176521
553,432871,316674,176639
554,432849,316759,176755
555,432826,316842,176869
556,432802,316923,176981
557,432776,317002,177091
558,432749,317079,177198
559,432721,317154,177304
560,432692,317227,177407
561,432662,317298,177508
562,432631,317368,177607
563,432598,317435,177705
564,432565,317501,177800
565,432530,317565,177894
566,432494,317627,177986
567,432457,317687,178075
568,432420,317746,178164
569,432381,317803,178250
570,432341,317858,178334
571,432300,317911,178417
572,432259,317963,178498
573,432216,318013,178578
574,432173,318062,178656
575,432128,318109,178732
576,432083,318155,178807
577,432037,318199,178880
578,431989,318241,178951
579,431941,318282,179021
580,431893,318322,179090
581,431843,318360,179157
582,431792,318396,179222
583,431741,318431,179287
584,431689,318465,179349
585,431636,318497,179411
586,431582,318528,179471
587,431528,318558,179529
588,431473,318586,179587
589,431417,318613,179643
590,431360,318639,179698
591,431303,318663,179751
592,431245,318686,179803
593,431186,318708,179854
594,431126,318728,179904
595,431066,318748,179953
596,431005,318766,180000
597,430944,318783,180047
598,430882,318798,180092
599,430819,318813,180136
600,430755,318826,180179
601,430691,318838,180221
602,430627,318850,180262
603,430561,318860,180302
604,430495,318868,180340
605,430429,318876,180378
606,430362,318883,180415
607,430294,318889,180450
608,430226,318893,180485
609,430157,318897,180519
610,430088,318900,180552
611,430018,318901,180584
612,429948,318902,180615
613,429877,318902,180645
614,429805,318900,180674
615,429734,318898,180702
616,429661,318895,180729
617,429588,318891,180756
618,429515,318886,180782
619,429441,318880,180806
620,429367,318873,180830
621,429292,318865,180854
622,429216,318856,180876
623,429141,318847,180898
624,429064,318836,180919
625,428988,318825,180939
626,428911,318813,180958
627,428833,318800,180977
628,428755,318787,180994
629,428677,318772,181012
630,428598,318757,181028
631,428519,318741,181044
632,428439,318724,181059
633,428359,318706,181073
634,428279,318688,181087
635,428198,318669,181100
636,428117,318649,181112
637,428035,318628,181124
638,427954,318607,181135
639,427871,318585,181146
640,427789,318562,181156
641,427706,318539,181165
642,427622,318515,181173
643,427539,318490,181182
644,427455,318465,181189
645,427370,318438,181196
646,427286,318412,181202
647,427201,318384,181208
648,427115,318356,181213
649,427030,318328,181218
650,426944,318298,181222
651,426858,318269,181226
652,426771,318238,181229
653,426684,318207,181232
654,426597,318175,181234
655,426510,318143,181236
656,426422,318110,181237
657,426334,318077,181237
658,426246,318043,181238
659,426157,318008,181237
660,426068,317973,181237
661,425979,317937,181235
662,425890,317901,181234
663,425800,317865,181232
664,425711,317827,181229
665,425620,317790,181226
666,425530,317751,181223
667,425440,317713,181219
668,425349,317673,181215
669,425258,317634,181210
670,425166,317594,181205
671,425075,317553,181200
672,424983,317512,181194
673,424891,317470,181188
674,424799,317428,181182
675,424706,317385,181175
676,424614,317342,181168
677,424521,317299,181160
678,424428,317255,181152
679,424335,317211,181144
680,424241,317166,181135
681,424148,317121,181126
682,424054,317075,181117
683,423960,317029,181107
684,423865,316983,181097
685,423771,316936,181087
686,423676,316889,181076
687,423582,316841,181065
688,423487,316793,181054
689,423392,316744,181043
690,423296,316696,181031
691,423201,316647,181019
692,423105,316597,181006
693,423009,316547,180994
694,422913,316497,180981
695,422817,316446,180967
696,422721,316395,180954
697,422625,316344,180940
698,422528,316292,180926
699,422431,316240,180912
700,422335,316188,180897
701,422238,316135,180883
702,422140,316082,180868
703,422043,316029,180852
704,421946,315975,180837
705,421848,315921,180821
706,421750,315867,180805
707,421653,315812,180789
708,421555,315758,180773
709,421457,315702,180756
710,421358,315647,180739
711,421260,315591,180722
712,421162,315535,180705
713,421063,315479,180687
714,420964,315422,180670
715,420866,315365,180652
716,420767,315308,180634
717,420668,315250,180615
718,420569,315193,180597
719,420469,315135,180578
720,420370,315076,180559
721,420271,315018,180540
722,420171,314959,180521
723,420072,314900,180502
724,419972,314841,180482
725,419872,314781,180463
726,419772,314722,180443
727,419672,314662,180423
728,419572,314601,180403
729,419472,314541,180382
730,419372,314480,180362
731,419272,314419,180341
732,419171,314358,180320
733,419071,314297,180299
734,418970,314235,180278
735,418870,314173,180257
736,418769,314111,180236
737,418668,314049,180214
738,418568,313987,180193
739,418467,313924,180171
740,418366,313861,180149
741,418265,313798,180127
742,418164,313735,180105
743,418062,313671,180082
744,417961,313608,180060
745,417860,313544,180038
746,417759,313480,180015
747,417657,313416,179992
748,417556,313351,179969
749,417455,313287,179946
750,417353,313222,179923
751,417251,313157,179900
752,417150,313092,179877
753,417048,313027,179854
754,416946,312961,179830
755,416845,312896,179807
756,416743,312830,179783
757,416641,312764,179759
758,416539,312698,179735
759,416437,312632,179711
760,416335,312565,179687
761,416233,312499,179663
762,416131,312432,179639
763,416029,312365,179615
764,415927,312298,179591
765,415825,312231,179566
766,415723,312164,179542
767,415621,312096,179517
768,415519,312029,179493
769,415417,311961,179468
770,415314,311893,179443
771,415212,311825,179418
772,415110,311757,179393
773,415007,311689,179368
774,414905,311621,179343
775,414803,311552,179318
776,414701,311483,179293
777,414598,311415,179268
778,414496,311346,179243
779,414393,311277,179218
780,414291,311208,179192
781,414189,311139,179167
782,414086,311069,179141
783,413984,311000,179116
784,413881,310931,179090
785,413779,310861,179065
786,413677,310791,179039
787,413574,310721,179014
788,413472,310651,178988
789,413369,310581,178962
790,413267,310511,178936
791,413164,310441,178911
792,413062,310371,178885
793,412960,310300,178859
794,412857,310230,178833
795,412755,310159,178807
796,412652,310089,178781
797,412550,310018,178755
798,412448,309947,178729
799,412345,309876,178703
800,412243,309805,178677
801,412140,309734,178651
802,412038,309663,178625
803,411936,309591,178599
804,411833,309520,178573
805,411731,309449,178546
806,411629,309377,178520
807,411527,309306,178494
808,411424,309234,178468
809,411322,309162,178442
810,411220,309091,178415
811,411118,309019,178389
812,411016,308947,178363
813,410913,308875,178337
814,410811,308803,178310
815,410709,308731,178284
816,410607,308659,178258
817,410505,308587,178231
818,410403,308514,178205
819,410301,308442,178179
820,410199,308370,178153
821,410097,308297,178126
822,409995,308225,178100
823,409893,308152,178074
824,409792,308080,178047
825,409690,308007,178021
826,409588,307934,177995
827,409486,307862,177969
828,409385,307789,177942
829,409283,307716,177916
830,409181,307643,177890
831,409080,307571,177864
832,408978,307498,177837
833,408877,307425,177811
834,408775,307352,177785
835,408674,307279,177759
836,408573,307206,177733
837,408471,307133,177707
838,408370,307060,177680
839,408269,306986,177654
840,408168,306913,177628
841,408066,306840,177602
842,407965,306767,177576
843,407864,306694,177550
844,407763,306620,177524
845,407662,306547,177498
846,407562,306474,177472
847,407461,306401,177446
848,407360,306327,177420
849,407259,306254,177394
850,407158,306181,177368
851,407058,306107,177342
852,406957,306034,177317
853,406857,305960,177291
854,406756,305887,177265
855,406656,305814,177239
856,406556,305740,177214
857,406455,305667,177188
858,406355,305593,177162
859,406255,305520,177137
860,406155,305446,177111
861,406055,305373,177085
862,405955,305299,177060
863,405855,305226,177034
864,405755,305152,177009
865,405655,305079,176984
866,405556,305006,176958
867,405456,304932,176933
868,405356,304859,176908
869,405257,304785,176882
870,405157,304712,176857
871,405058,304638,176832
872,404959,304565,176807
873,404859,304491,176782
874,404760,304418,176757
875,404661,304345,176732
876,404562,304271,176707
877,404463,304198,176682
878,404364,304125,176657
879,404266,304051,176632
880,404167,303978,176607
881,404068,303905,176583
882,403970,303832,176558
883,403871,303758,176533
884,403773,303685,176509
885,403674,303612,176484
886,403576,303539,176460
887,403478,303466,176435
888,403380,303392,176411
889,403282,303319,176386
890,403184,303246,176362
891,403086,303173,176338
892,402988,303100,176314
893,402891,303027,176290
894,402793,302955,176266
895,402695,302882,176242
896,402598,302809,176218
897,402501,302736,176194
898,402403,302663,176170
899,402306,302591,176146
900,402209,302518,176122
901,402112,302445,176099
902,402015,302373,176075
903,401918,302300,176051
904,401822,302228,176028
905,401725,302155,176004
906,401628,302083,175981
907,401532,302010,175958
908,401436,301938,175934
909,401339,301866,175911
910,401243,301794,175888
911,401147,301721,175865
912,401051,301649,175842
913,400955,301577,175819
914,400859,301505,175796
915,400764,301433,175773
916,400668,301362,175751
917,400573,301290,175728
918,400477,301218,175705
919,400382,301146,175683
920,400287,301075,175660
921,400191,301003,175638
922,400096,300932,175616
923,400002,300860,175593
924,399907,300789,175571
925,399812,300718,175549
926,399717,300647,175527
927,399623,300576,175505
928,399529,300505,175483
929,399434,300434,175461
930,399340,300363,175439
931,399246,300292,175418
932,399152,300221,175396
933,399058,300151,175374
934,398964,300080,175353
935,398871,300010,175331
936,398777,299939,175310
937,398684,299869,175289
938,398591,299799,175268
939,398497,299729,175247
940,398404,299659,175225
941,398311,299589,175205
942,398218,299519,175184
943,398126,299449,175163
944,398033,299379,175142
945,397940,299310,175121
946,397848,299240,175101
947,397756,299171,175080
948,397664,299102,175060
949,397571,299033,175040
950,397479,298964,175019
951,397388,298895,174999
952,397296,298826,174979
953,397204,298757,174959
954,397113,298688,174939
955,397021,298620,174919
956,396930,298552,174899
957,396839,298483,174880
958,396748,298415,174860
959,396657,298347,174841
960,396566,298279,174821
961,396476,298211,174802
962,396385,298144,174783
963,396295,298076,174763
964,396205,298009,174744
965,396115,297941,174725
966,396025,297874,174706
967,395935,297807,174688
968,395845,297740,174669
969,395755,297673,174650
970,395666,297607,174632
971,395576,297540,174613
972,395487,297474,174595
973,395398,297407,174576
974,395309,297341,174558
975,395220,297275,174540
976,395131,297209,174522
977,395043,297144,174504
978,394954,297078,174486
979,394866,297013,174468
980,394778,296948,174451
981,394690,296882,174433
982,394602,296817,174416
983,394514,296753,174398
984,394426,296688,174381
985,394339,296623,174364
986,394252,296559,174347
987,394164,296495,174330
988,394077,296431,174313
989,393990,296367,174296
990,393903,296303,174279
991,393817,296240,174263
992,393730,296177,174246
993,393644,296113,174230
994,393557,296050,174213
995,393471,295987,174197
996,393385,295925,174181
997,393300,295862,174165
998,393214,295800,174149
999,393128,295738,174133
1000,393043,295676,174117
1001,392958,295614,174102
1002,392872,295553,174086
1003,392788,295491,174071
1004,392703,295430,174055
1005,392618,295369,174040
1006,392533,295308,174025
1007,392449,295247,174010
1008,392365,295187,173995
1009,392281,295127,173980
1010,392197,295067,173965
1011,392113,295007,173951
1012,392029,294947,173936
1013,391946,294888,173922
1014,391863,294829,173907
1015,391779,294770,173893
1016,391696,294711,173879
1017,391613,294652,173865
1018,391531,294594,173851
1019,391448,294536,173837
1020,391366,294478,173823
1021,391284,294420,173810
1022,391201,294363,173796
1023,391119,294305,173783
1024,391038,294248,173770
1025,390956,294191,173757
1026,390875,294135,173743
1027,390793,294079,173731
1028,390712,294022,173718
1029,390631,293967,173705
1030,390550,293911,173692
1031,390470,293856,173680
1032,390389,293800,173667
1033,390309,293746,173655
1034,390229,293691,173643
1035,390149,293637,173631
1036,390069,293582,173619
1037,389989,293528,173607
1038,389910,293475,173595
1039,389830,293421,173584
1040,389751,293368,173572
1041,389672,293316,173561
1042,389593,293263,173550
1043,389515,293211,173538
1044,389436,293159,173527
1045,389358,293107,173516
1046,389280,293055,173506
1047,389202,293004,173495
1048,389124,292953,173484
1049,389046,292903,173474
1050,388969,292852,173463
1051,388891,292802,173453
1052,388814,292753,173443
1053,388737,292703,173433
1054,388660,292654,173423
1055,388584,292605,173413
1056,388507,292556,173404
1057,388431,292508,173394
1058,388355,292460,173385
1059,388279,292412,173375
1060,388203,292365,173366
1061,388128,292318,173357
1062,388052,292271,173348
1063,387977,292225,173339
1064,387902,292179,173331
1065,387827,292133,173322
1066,387753,292088,173314
1067,387678,292043,173305
1068,387604,291998,173297
1069,387530,291953,173289
1070,387456,291909,173281
1071,387382,291866,173273
1072,387309,291822,173266
1073,387235,291779,173258
1074,387162,291736,173251
1075,387089,291694,173243
1076,387017,291652,173236
1077,386944,291610,173229
1078,386872,291569,173222
1079,386799,291528,173215
1080,386727,291488,173209
1081,386656,291448,173202
1082,386584,291408,173196
1083,386512,291368,173189
1084,386441,291329,173183
1085,386370,291291,173177
1086,386299,291252,173171
1087,386229,291214,173165
1088,386158,291177,173160
1089,386088,291140,173154
1090,386018,291103,173149
1091,385948,291067,173143
1092,385878,291031,173138
1093,385809,290996,173133
1094,385739,290960,173128
1095,385670,290926,173124
1096,385602,290892,173119
1097,385533,290858,173114
1098,385464,290824,173110
1099,385396,290791,173106
1100,385328,290759,173102
1101,385260,290727,173098
1102,385193,290695,173094
1103,385125,290664,173090
1104,385058,290633,173087
1105,384991,290603,173084
1106,384924,290573,173080
1107,384857,290544,173077
1108,384791,290515,173074
1109,384725,290486,173071
1110,384659,290458,173069
1111,384593,290431,173066
1112,384527,290403,173064
1113,384462,290377,173061
1114,384397,290351,173059
1115,384332,290325,173057
1116,384267,290300,173055
1117,384203,290275,173053
1118,384138,290251,173052
1119,384074,290228,173050
1120,384011,290204,173049
1121,383947,290182,173048
1122,383884,290160,173047
1123,383820,290138,173046
1124,383757,290117,173045
1125,383695,290097,173045
1126,383632,290077,173044
1127,383570,290057,173044
1128,383508,290038,173044
1129,383446,290020,173044
1130,383384,290002,173044
1131,383323,289985,173044
1132,383262,289968,173045
1133,383201,289952,173045
1134,383140,289936,173046
1135,383079,289921,173047
1136,383019,289907,173048
1137,382959,289893,173049
1138,382899,289879,173050
1139,382840,289867,173052
1140,382780,289855,173053
1141,382721,289843,173055
1142,382663,289832,173057
1143,382604,289822,173059
1144,382545,289812,173061
1145,382487,289803,173064
1146,382429,289795,173066
1147,382372,289787,173069
1148,382314,289779,173072
1149,382257,289773,173075
1150,382200,289767,173078
1151,382143,289762,173081
1152,382087,289757,173085
1153,382031,289753,173088
1154,381975,289750,173092
1155,381919,289747,173096
1156,381863,289745,173100
1157,381808,289744,173104
1158,381753,289743,173108
1159,381698,289743,173113
1160,381644,289744,173118
1161,381589,289745,173123
1162,381535,289747,173128
1163,381482,289750,173133
1164,381428,289754,173138
1165,381375,289758,173144
1166,381322,289763,173149
1167,381269,289769,173155
1168,381216,289775,173161
1169,381164,289782,173167
1170,381112,289790,173173
1171,381060,289799,173180
1172,381009,289808,173186
1173,380958,289819,173193
1174,380907,289830,173200
1175,380856,289841,173207
1176,380805,289854,173215
1177,380755,289867,173222
1178,380705,289881,173230
1179,380656,289896,173237
1180,380606,289912,173245
1181,380557,289928,173253
1182,380508,289946,173262
1183,380460,289964,173270
1184,380411,289983,173279
1185,380363,290003,173287
1186,380315,290024,173296
1187,380268,290045,173305
1188,380221,290067,173315
1189,380174,290091,173324
1190,380127,290115,173334
1191,380080,290140,173344
1192,380034,290166,173354
1193,379988,290192,173364
1194,379943,290220,173374
1195,379897,290249,173384
1196,379852,290278,173395
1197,379808,290309,173406
1198,379763,290340,173417
1199,379719,290372,173428
1200,379675,290405,173439
1201,379631,290440,173451
1202,379588,290475,173462
1203,379545,290511,173474
1204,379502,290548,173486
1205,379459,290586,173499
1206,379417,290625,173511
1207,379375,290665,173524
1208,379334,290706,173536
1209,379292,290747,173549
1210,379251,290790,173562
1211,379210,290834,173576
1212,379170,290879,173589
1213,379130,290926,173603
1214,379090,290973,173616
1215,379050,291021,173630
1216,379011,291070,173645
1217,378972,291120,173659
1218,378933,291172,173673
1219,378895,291224,173688
1220,378857,291278,173703
1221,378819,291332,173718
1222,378781,291388,173733
1223,378744,291445,173749
1224,378707,291503,173764
1225,378670,291562,173780
1226,378634,291622,173796
1227,378598,291683,173812
1228,378563,291746,173829
1229,378527,291810,173845
1230,378492,291875,173862
1231,378457,291941,173879
1232,378423,292008,173896
1233,378389,292077,173913
1234,378355,292146,173931
1235,378321,292217,173948
1236,378288,292289,173966
1237,378255,292363,173984
1238,378223,292437,174002
1239,378191,292513,174021
1240,378159,292590,174039
1241,378127,292669,174058
1242,378096,292749,174077
1243,378065,292830,174096
1244,378034,292912,174116
1245,378004,292996,174135
1246,377974,293081,174155
1247,377944,293167,174175
1248,377915,293255,174195
1249,377886,293344,174215
1250,377857,293434,174236
1251,377829,293526,174256
1252,377801,293619,174277
1253,377773,293714,174298
1254,377746,293810,174320
1255,377719,293907,174341
1256,377692,294006,174363
1257,377666,294106,174385
1258,377640,294208,174407
1259,377614,294311,174429
1260,377589,294416,174451
1261,377564,294522,174474
1262,377539,294630,174497
1263,377515,294739,174520
1264,377491,294850,174543
1265,377467,294962,174567
1266,377444,295076,174590
1267,377421,295191,174614
1268,377398,295308,174638
1269,377376,295426,174662
1270,377354,295547,174687
1271,377333,295668,174711
1272,377311,295791,174736
1273,377291,295916,174761
1274,377270,296043,174786
1275,377250,296171,174812
1276,377230,296301,174837
1277,377211,296433,174863
1278,377192,296566,174889
1279,377173,296701,174915
1280,377155,296837,174942
1281,377137,296976,174968
1282,377119,297116,174995
1283,377102,297258,175022
1284,377085,297401,175050
1285,377068,297547,175077
1286,377052,297694,175105
1287,377036,297843,175132
1288,377021,297994,175160
1289,377006,298147,175189
1290,376991,298301,175217
1291,376977,298458,175246
1292,376963,298616,175275
1293,376949,298776,175304
1294,376936,298938,175333
1295,376923,299102,175362
1296,376910,299268,175392
1297,376898,299436,175422
1298,376887,299606,175452
1299,376875,299778,175482
1300,376864,299951,175513
1301,376854,300127,175543
1302,376843,300305,175574
1303,376834,300485,175605
1304,376824,300667,175637
1305,376815,300851,175668
1306,376806,301037,175700
1307,376798,301225,175732
1308,376790,301415,175764
1309,376783,301608,175796
1310,376775,301802,175829
1311,376769,301999,175862
1312,376762,302198,175895
1313,376756,302399,175928
1314,376751,302603,175961
1315,376745,302808,175995
1316,376741,303016,176028
1317,376736,303226,176062
1318,376732,303438,176097
1319,376729,303653,176131
1320,376725,303870,176166
1321,376722,304089,176200
1322,376720,304311,176236
1323,376718,304535,176271
1324,376716,304762,176306
1325,376715,304990,176342
1326,376714,305222,176378
1327,376714,305455,176414
1328,376714,305691,176450
1329,376714,305930,176486
1330,376715,306171,176523
1331,376716,306415,176560
1332,376718,306661,176597
1333,376720,306910,176634
1334,376722,307161,176672
1335,376725,307415,176710
1336,376728,307672,176748
1337,376732,307931,176786
1338,376736,308193,176824
1339,376740,308457,176863
1340,376745,308724,176901
1341,376750,308994,176940
1342,376756,309267,176980
1343,376762,309542,177019
1344,376768,309821,177059
1345,376775,310102,177098
1346,376783,310385,177138
1347,376790,310672,177179
1348,376799,310961,177219
1349,376807,311254,177260
1350,376816,311549,177300
1351,376826,311847,177341
1352,376836,312149,177383
1353,376846,312453,177424
1354,376857,312760,177466
1355,376868,313070,177508
1356,376879,313383,177550
1357,376891,313700,177592
1358,376904,314019,177634
1359,376916,314342,177677
1360,376930,314667,177720
1361,376943,314996,177763
1362,376957,315328,177806
1363,376972,315663,177850
1364,376987,316002,177893
1365,377002,316343,177937
1366,377018,316688,177981
1367,377034,317037,178026
1368,377051,317388,178070
1369,377068,317743,178115
1370,377085,318102,178160
1371,377103,318464,178205
1372,377122,318829,178250
1373,377141,319198,178296
1374,377160,319570,178341
1375,377180,319946,178387
1376,377200,320325,178433
1377,377220,320708,178480
1378,377241,321095,178526
1379,377263,321485,178573
1380,377284,321879,178620
1381,377307,322276,178667
