Temp,"HSN(Al,Al)@l12fcc","HSN(Cr,Cr)@l12fcc","HSN(Al,Cr)@l12fcc"
201,5.39802e+08,5.39493e+08,5.39359e+08
202,5.39802e+08,5.39493e+08,5.39359e+08
203,5.39802e+08,5.39493e+08,5.39359e+08
204,5.39802e+08,5.39493e+08,5.39359e+08
205,5.39802e+08,5.39493e+08,5.39359e+08
206,5.39802e+08,5.39493e+08,5.39359e+08
207,5.39802e+08,5.39493e+08,5.39359e+08
208,5.39802e+08,5.39493e+08,5.39359e+08
209,5.39802e+08,5.39493e+08,5.39359e+08
210,5.39802e+08,5.39493e+08,5.39359e+08
211,5.39802e+08,5.39493e+08,5.39359e+08
212,5.39802e+08,5.39493e+08,5.39359e+08
213,5.39802e+08,5.39493e+08,5.39359e+08
214,5.39802e+08,5.39493e+08,5.39359e+08
215,5.39802e+08,5.39493e+08,5.39359e+08
216,5.39802e+08,5.39493e+08,5.39359e+08
217,5.39802e+08,5.39493e+08,5.39359e+08
218,5.39802e+08,5.39493e+08,5.39359e+08
219,5.39802e+08,5.39493e+08,5.39359e+08
220,5.39802e+08,5.39493e+08,5.39359e+08
221,5.39802e+08,5.39493e+08,5.39359e+08
222,5.39802e+08,5.39493e+08,5.39359e+08
223,5.39802e+08,5.39493e+08,5.39359e+08
224,5.39802e+08,5.39493e+08,5.39359e+08
225,5.39802e+08,5.39493e+08,5.39359e+08
226,5.39802e+08,5.39493e+08,5.39359e+08
227,5.39802e+08,5.39493e+08,5.39359e+08
228,5.39802e+08,5.39493e+08,5.39359e+08
229,5.39802e+08,5.39493e+08,5.39359e+08
230,5.39802e+08,5.39493e+08,5.39359e+08
231,5.39802e+08,5.39493e+08,5.39359e+08
232,5.39802e+08,5.39493e+08,5.39359e+08
233,5.39802e+08,5.39493e+08,5.39359e+08
234,5.39802e+08,5.39493e+08,5.39359e+08
235,5.39802e+08,5.39493e+08,5.39359e+08
236,5.39802e+08,5.39493e+08,5.39359e+08
237,5.39802e+08,5.39493e+08,5.39359e+08
238,5.39802e+08,5.39493e+08,5.39359e+08
239,5.39802e+08,5.39493e+08,5.39359e+08
240,5.39802e+08,5.39493e+08,5.39359e+08
241,5.39802e+08,5.39493e+08,5.39359e+08
242,5.39802e+08,5.39493e+08,5.39359e+08
243,5.39802e+08,5.39493e+08,5.39359e+08
244,5.39802e+08,5.39493e+08,5.39359e+08
245,5.39802e+08,5.39493e+08,5.39359e+08
246,5.39802e+08,5.39493e+08,5.39359e+08
247,5.39802e+08,5.39493e+08,5.39359e+08
248,5.39802e+08,5.39493e+08,5.39359e+08
249,5.39802e+08,5.39493e+08,5.39359e+08
250,5.39802e+08,5.39493e+08,5.39359e+08
251,5.39802e+08,5.39493e+08,5.39359e+08
252,5.39802e+08,5.39493e+08,5.39359e+08
253,5.39802e+08,5.39493e+08,5.39359e+08
254,5.39802e+08,5.39493e+08,5.39359e+08
255,5.39802e+08,5.39493e+08,5.39359e+08
256,5.39802e+08,5.39493e+08,5.39359e+08
257,5.39802e+08,5.39493e+08,5.39359e+08
258,5.39802e+08,5.39493e+08,5.39359e+08
259,5.39802e+08,5.39493e+08,5.39359e+08
260,5.39802e+08,5.39493e+08,5.39359e+08
261,5.39802e+08,5.39493e+08,5.39359e+08
262,5.39802e+08,5.39493e+08,5.39359e+08
263,5.39802e+08,5.39493e+08,5.39359e+08
264,5.39802e+08,5.39493e+08,5.39359e+08
265,5.39802e+08,5.39493e+08,5.39359e+08
266,5.39802e+08,5.39493e+08,5.39359e+08
267,5.39802e+08,5.39493e+08,5.39359e+08
268,5.39802e+08,5.39493e+08,5.39359e+08
269,5.39802e+08,5.39493e+08,5.39359e+08
270,5.39802e+08,5.39493e+08,5.39359e+08
271,5.39802e+08,5.39493e+08,5.39359e+08
272,5.39802e+08,5.39493e+08,5.39359e+08
273,5.39802e+08,5.39493e+08,5.39359e+08
274,5.39802e+08,5.39493e+08,5.39359e+08
275,5.39802e+08,5.39493e+08,5.39359e+08
276,5.39802e+08,5.39493e+08,5.39359e+08
277,5.39802e+08,5.39493e+08,5.39359e+08
278,5.39802e+08,5.39493e+08,5.39359e+08
279,5.39802e+08,5.39493e+08,5.39359e+08
280,5.39802e+08,5.39493e+08,5.39359e+08
281,5.39802e+08,5.39493e+08,5.39359e+08
282,5.39802e+08,5.39493e+08,5.39359e+08
283,5.39802e+08,5.39493e+08,5.39359e+08
284,5.39802e+08,5.39493e+08,5.39359e+08
285,5.39802e+08,5.39493e+08,5.39359e+08
286,5.39802e+08,5.39493e+08,5.39359e+08
287,5.39802e+08,5.39493e+08,5.39359e+08
288,5.39802e+08,5.39493e+08,5.39359e+08
289,5.39802e+08,5.39493e+08,5.39359e+08
290,5.39802e+08,5.39493e+08,5.39359e+08
291,5.39802e+08,5.39493e+08,5.39359e+08
292,5.39802e+08,5.39493e+08,5.39359e+08
293,5.39802e+08,5.39493e+08,5.39359e+08
294,5.39802e+08,5.39493e+08,5.39359e+08
295,5.39802e+08,5.39493e+08,5.39359e+08
296,5.39802e+08,5.39493e+08,5.39359e+08
297,5.39802e+08,5.39493e+08,5.39359e+08
298,5.39802e+08,5.39493e+08,5.39359e+08
299,5.39802e+08,5.39493e+08,5.39359e+08
300,5.39802e+08,5.39493e+08,5.39359e+08
301,5.39802e+08,5.39493e+08,5.39359e+08
302,5.39802e+08,5.39493e+08,5.39359e+08
303,5.39802e+08,5.39493e+08,5.39359e+08
304,5.39802e+08,5.39493e+08,5.39359e+08
305,5.39802e+08,5.39493e+08,5.39359e+08
306,5.39802e+08,5.39493e+08,5.39359e+08
307,5.39802e+08,5.39493e+08,5.39359e+08
308,5.39802e+08,5.39493e+08,5.39359e+08
309,5.39802e+08,5.39493e+08,5.39359e+08
310,5.39802e+08,5.39493e+08,5.39359e+08
311,5.39802e+08,5.39493e+08,5.39359e+08
312,5.39802e+08,5.39493e+08,5.39359e+08
313,5.39802e+08,5.39493e+08,5.39359e+08
314,5.39802e+08,5.39493e+08,5.39359e+08
315,5.39802e+08,5.39493e+08,5.39359e+08
316,5.39802e+08,5.39493e+08,5.39359e+08
317,5.39802e+08,5.39493e+08,5.39359e+08
318,5.39802e+08,5.39493e+08,5.39359e+08
319,5.39802e+08,5.39493e+08,5.39359e+08
320,5.39802e+08,5.39493e+08,5.39359e+08
321,5.39802e+08,5.39493e+08,5.39359e+08
322,5.39802e+08,5.39493e+08,5.39359e+08
323,5.39802e+08,5.39493e+08,5.39359e+08
324,5.39802e+08,5.39493e+08,5.39359e+08
325,5.39802e+08,5.39493e+08,5.39359e+08
326,5.39802e+08,5.39493e+08,5.39359e+08
327,5.39802e+08,5.39493e+08,5.39359e+08
328,5.39802e+08,5.39493e+08,5.39359e+08
329,5.39802e+08,5.39493e+08,5.39359e+08
330,5.39802e+08,5.39493e+08,5.39359e+08
331,5.39802e+08,5.39493e+08,5.39359e+08
332,5.10532e+08,5.10222e+08,5.1009e+08
333,5.10532e+08,5.10222e+08,5.1009e+08
334,5.10532e+08,5.10222e+08,5.1009e+08
335,5.10532e+08,5.10222e+08,5.1009e+08
336,5.10532e+08,5.10222e+08,5.1009e+08
337,5.10532e+08,5.10222e+08,5.1009e+08
338,5.10532e+08,5.10222e+08,5.1009e+08
339,5.10532e+08,5.10222e+08,5.1009e+08
340,5.10532e+08,5.10222e+08,5.1009e+08
341,5.10532e+08,5.10222e+08,5.1009e+08
342,5.10532e+08,5.10222e+08,5.1009e+08
343,5.10532e+08,5.10222e+08,5.1009e+08
344,5.10532e+08,5.10222e+08,5.1009e+08
345,5.10532e+08,5.10222e+08,5.1009e+08
346,5.10532e+08,5.10222e+08,5.1009e+08
347,5.10532e+08,5.10222e+08,5.1009e+08
348,5.10532e+08,5.10222e+08,5.1009e+08
349,5.10532e+08,5.10222e+08,5.1009e+08
350,5.08907e+08,5.08598e+08,5.08465e+08
351,5.07282e+08,5.06973e+08,5.0684e+08
352,5.05658e+08,5.05349e+08,5.05216e+08
353,5.04034e+08,5.03725e+08,5.03592e+08
354,5.0241e+08,5.02101e+08,5.01968e+08
355,5.00787e+08,5.00478e+08,5.00345e+08
356,4.99163e+08,4.98855e+08,4.98722e+08
357,4.9754e+08,4.97232e+08,4.97099e+08
358,4.95917e+08,4.95609e+08,4.95476e+08
359,4.94295e+08,4.93987e+08,4.93854e+08
360,4.81328e+08,4.81021e+08,4.80887e+08
361,4.81328e+08,4.81021e+08,4.80887e+08
362,4.81328e+08,4.81021e+08,4.80887e+08
363,4.81328e+08,4.81021e+08,4.80887e+08
364,4.81328e+08,4.81021e+08,4.80887e+08
365,4.81328e+08,4.81021e+08,4.80887e+08
366,4.81328e+08,4.81021e+08,4.80887e+08
367,4.81328e+08,4.81021e+08,4.80887e+08
368,4.79709e+08,4.79402e+08,4.79268e+08
369,4.78091e+08,4.77784e+08,4.7765e+08
370,4.76473e+08,4.76166e+08,4.76032e+08
371,4.74855e+08,4.74549e+08,4.74415e+08
372,4.73238e+08,4.72933e+08,4.72798e+08
373,4.71622e+08,4.71317e+08,4.71182e+08
374,4.70006e+08,4.69701e+08,4.69566e+08
375,4.68391e+08,4.68086e+08,4.67951e+08
376,4.66777e+08,4.66472e+08,4.66337e+08
377,4.65163e+08,4.64859e+08,4.64723e+08
378,4.6355e+08,4.63246e+08,4.6311e+08
379,4.61938e+08,4.61634e+08,4.61498e+08
380,4.60327e+08,4.60024e+08,4.59887e+08
381,4.58717e+08,4.58413e+08,4.58276e+08
382,4.57107e+08,4.56804e+08,4.56667e+08
383,4.55499e+08,4.55196e+08,4.55059e+08
384,4.53891e+08,4.53589e+08,4.53451e+08
385,4.52285e+08,4.51984e+08,4.51845e+08
386,4.5068e+08,4.50379e+08,4.5024e+08
387,4.49076e+08,4.48776e+08,4.48636e+08
388,4.47474e+08,4.47174e+08,4.47034e+08
389,4.45873e+08,4.45574e+08,4.45433e+08
390,4.44274e+08,4.43975e+08,4.43834e+08
391,4.42677e+08,4.42378e+08,4.42237e+08
392,4.41081e+08,4.40783e+08,4.40642e+08
393,4.39488e+08,4.39191e+08,4.39049e+08
394,4.37897e+08,4.376e+08,4.37458e+08
395,4.36309e+08,4.36013e+08,4.35869e+08
396,4.34724e+08,4.34428e+08,4.34284e+08
397,4.33141e+08,4.32846e+08,4.32702e+08
398,4.31563e+08,4.31268e+08,4.31123e+08
399,4.29988e+08,4.29694e+08,4.29549e+08
400,4.28418e+08,4.28125e+08,4.27978e+08
401,4.26853e+08,4.2656e+08,4.26414e+08
402,4.25294e+08,4.25002e+08,4.24855e+08
403,4.23742e+08,4.23451e+08,4.23302e+08
404,4.22198e+08,4.21908e+08,4.21758e+08
405,4.20663e+08,4.20374e+08,4.20224e+08
406,4.1914e+08,4.18851e+08,4.18701e+08
407,4.17631e+08,4.17343e+08,4.17191e+08
408,4.16138e+08,4.15851e+08,4.15699e+08
409,4.14667e+08,4.14381e+08,4.14228e+08
410,4.13225e+08,4.12939e+08,4.12785e+08
411,4.11819e+08,4.11535e+08,4.1138e+08
412,4.10468e+08,4.10185e+08,4.10028e+08
413,4.09201e+08,4.08918e+08,4.08761e+08
414,4.08089e+08,4.07807e+08,4.07649e+08
416,4.08531e+08,4.08249e+08,4.08088e+08
417,4.07146e+08,4.06865e+08,4.06703e+08
418,4.05743e+08,4.05464e+08,4.053e+08
419,4.04325e+08,4.04047e+08,4.03882e+08
420,4.02892e+08,4.02614e+08,4.02448e+08
421,4.01444e+08,4.01168e+08,4.01e+08
422,3.99983e+08,3.99708e+08,3.99539e+08
423,3.98508e+08,3.98234e+08,3.98065e+08
424,3.97021e+08,3.96749e+08,3.96577e+08
425,3.95521e+08,3.9525e+08,3.95077e+08
426,3.94009e+08,3.93739e+08,3.93565e+08
427,3.92484e+08,3.92215e+08,3.9204e+08
428,3.90947e+08,3.90679e+08,3.90503e+08
429,3.89396e+08,3.8913e+08,3.88952e+08
430,3.87833e+08,3.87569e+08,3.87389e+08
431,3.86257e+08,3.85994e+08,3.85813e+08
432,3.84667e+08,3.84405e+08,3.84223e+08
433,3.83063e+08,3.82803e+08,3.82619e+08
434,3.81445e+08,3.81187e+08,3.81001e+08
435,3.79812e+08,3.79555e+08,3.79368e+08
436,3.78163e+08,3.77908e+08,3.77719e+08
437,3.76498e+08,3.76245e+08,3.76054e+08
438,3.74816e+08,3.74564e+08,3.74372e+08
439,3.73116e+08,3.72866e+08,3.72672e+08
440,3.71398e+08,3.7115e+08,3.70954e+08
441,3.69659e+08,3.69413e+08,3.69215e+08
442,3.679e+08,3.67655e+08,3.67456e+08
443,3.66118e+08,3.65876e+08,3.65674e+08
444,3.64313e+08,3.64072e+08,3.63869e+08
445,3.62482e+08,3.62244e+08,3.62038e+08
446,3.60624e+08,3.60388e+08,3.6018e+08
447,3.58738e+08,3.58504e+08,3.58294e+08
448,3.5682e+08,3.56588e+08,3.56376e+08
449,3.54868e+08,3.54638e+08,3.54424e+08
450,3.5288e+08,3.52653e+08,3.52436e+08
451,3.50852e+08,3.50627e+08,3.50408e+08
452,3.48781e+08,3.48558e+08,3.48337e+08
453,3.46663e+08,3.46442e+08,3.46219e+08
454,3.44493e+08,3.44274e+08,3.44049e+08
455,3.42265e+08,3.42049e+08,3.41821e+08
456,3.39972e+08,3.39759e+08,3.39529e+08
457,3.37609e+08,3.37398e+08,3.37165e+08
458,3.35165e+08,3.34957e+08,3.34721e+08
459,3.3263e+08,3.32425e+08,3.32186e+08
460,3.29991e+08,3.29789e+08,3.29547e+08
461,3.27232e+08,3.27032e+08,3.26789e+08
462,3.24334e+08,3.24137e+08,3.2389e+08
463,3.2127e+08,3.21077e+08,3.20827e+08
464,3.18011e+08,3.1782e+08,3.17567e+08
465,3.14512e+08,3.14324e+08,3.14069e+08
466,3.10718e+08,3.10533e+08,3.10275e+08
467,3.06551e+08,3.06369e+08,3.06108e+08
468,3.01903e+08,3.01724e+08,3.0146e+08
469,2.96618e+08,2.96443e+08,2.96175e+08
470,2.90485e+08,2.90312e+08,2.90042e+08
471,2.83251e+08,2.83081e+08,2.82808e+08
472,2.74815e+08,2.74648e+08,2.74372e+08
473,2.65703e+08,2.65539e+08,2.65261e+08
474,2.57103e+08,2.56942e+08,2.56661e+08
475,2.49769e+08,2.49609e+08,2.49326e+08
476,2.43678e+08,2.43521e+08,2.43236e+08
477,2.38553e+08,2.38397e+08,2.3811e+08
478,2.34138e+08,2.33984e+08,2.33696e+08
479,2.30249e+08,2.30098e+08,2.29807e+08
480,2.26759e+08,2.26609e+08,2.26317e+08
481,2.23577e+08,2.23429e+08,2.23135e+08
482,2.20638e+08,2.20493e+08,2.20196e+08
483,2.17896e+08,2.17753e+08,2.17454e+08
484,2.15314e+08,2.15173e+08,2.14873e+08
485,2.12865e+08,2.12727e+08,2.12424e+08
486,2.10527e+08,2.10391e+08,2.10086e+08
487,2.08283e+08,2.08149e+08,2.07842e+08
488,2.06118e+08,2.05986e+08,2.05677e+08
489,2.0402e+08,2.0389e+08,2.03579e+08
490,2.01979e+08,2.01852e+08,2.01539e+08
491,1.99988e+08,1.99863e+08,1.99547e+08
492,1.98037e+08,1.97915e+08,1.97597e+08
493,1.96122e+08,1.96002e+08,1.95682e+08
494,1.94236e+08,1.94118e+08,1.93796e+08
495,1.92373e+08,1.92258e+08,1.91933e+08
496,1.9053e+08,1.90418e+08,1.9009e+08
497,1.88701e+08,1.88592e+08,1.88262e+08
498,1.86883e+08,1.86776e+08,1.86443e+08
499,1.85071e+08,1.84966e+08,1.84631e+08
500,1.83261e+08,1.8316e+08,1.82822e+08
501,1.8145e+08,1.81351e+08,1.81011e+08
502,1.79634e+08,1.79538e+08,1.79195e+08
503,1.77808e+08,1.77715e+08,1.77369e+08
504,1.75968e+08,1.75878e+08,1.7553e+08
505,1.74112e+08,1.74025e+08,1.73674e+08
506,1.72233e+08,1.72149e+08,1.71795e+08
507,1.70327e+08,1.70246e+08,1.69889e+08
508,1.68388e+08,1.68311e+08,1.67951e+08
509,1.66412e+08,1.66337e+08,1.65975e+08
510,1.64391e+08,1.6432e+08,1.63955e+08
511,1.62318e+08,1.62251e+08,1.61882e+08
512,1.60185e+08,1.60121e+08,1.5975e+08
513,1.57982e+08,1.57922e+08,1.57548e+08
514,1.55699e+08,1.55643e+08,1.55265e+08
515,1.53322e+08,1.53269e+08,1.52889e+08
516,1.50835e+08,1.50787e+08,1.50403e+08
517,1.4822e+08,1.48177e+08,1.4779e+08
518,1.45455e+08,1.45416e+08,1.45026e+08
519,1.42511e+08,1.42478e+08,1.42085e+08
520,1.39356e+08,1.39329e+08,1.38933e+08
521,1.35947e+08,1.35928e+08,1.35528e+08
522,1.32234e+08,1.32224e+08,1.31822e+08
523,1.28161e+08,1.28163e+08,1.27757e+08
524,1.23668e+08,1.23685e+08,1.23276e+08
525,1.18709e+08,1.18748e+08,1.18337e+08
526,1.13297e+08,1.13364e+08,1.1295e+08
527,1.07549e+08,1.07652e+08,1.07235e+08
528,1.01722e+08,1.01862e+08,1.01444e+08
529,9.61266e+07,9.6302e+07,9.58828e+07
530,9.09935e+07,9.11968e+07,9.07767e+07
531,8.64101e+07,8.66339e+07,8.62131e+07
532,8.23588e+07,8.25968e+07,8.21757e+07
533,7.8776e+07,7.9024e+07,7.86026e+07
534,7.55895e+07,7.58446e+07,7.54231e+07
535,7.2734e+07,7.29942e+07,7.25726e+07
536,7.01547e+07,7.04186e+07,6.9997e+07
537,6.78072e+07,6.80738e+07,6.76522e+07
538,6.56559e+07,6.59247e+07,6.55031e+07
539,6.36723e+07,6.39426e+07,6.35211e+07
540,6.18331e+07,6.21046e+07,6.16833e+07
541,6.01196e+07,6.0392e+07,5.99708e+07
542,5.85162e+07,5.87893e+07,5.83682e+07
543,5.701e+07,5.72837e+07,5.68627e+07
544,5.55903e+07,5.58645e+07,5.54436e+07
545,5.4248e+07,5.45226e+07,5.41018e+07
546,5.29755e+07,5.32502e+07,5.28297e+07
547,5.1766e+07,5.20409e+07,5.16205e+07
548,5.06138e+07,5.08888e+07,5.04686e+07
549,4.9514e+07,4.97891e+07,4.9369e+07
550,4.84622e+07,4.87373e+07,4.83174e+07
551,4.74547e+07,4.77298e+07,4.731e+07
552,4.6488e+07,4.67631e+07,4.63435e+07
553,4.55592e+07,4.58342e+07,4.54148e+07
554,4.46656e+07,4.49405e+07,4.45213e+07
555,4.38048e+07,4.40796e+07,4.36605e+07
556,4.29747e+07,4.32494e+07,4.28305e+07
557,4.21734e+07,4.24479e+07,4.20292e+07
558,4.1399e+07,4.16733e+07,4.12548e+07
559,4.065e+07,4.09242e+07,4.05059e+07
560,3.9925e+07,4.0199e+07,3.97808e+07
561,3.92226e+07,3.94964e+07,3.90784e+07
562,3.85416e+07,3.88152e+07,3.83974e+07
563,3.78809e+07,3.81543e+07,3.77367e+07
564,3.72394e+07,3.75126e+07,3.70952e+07
565,3.66163e+07,3.68892e+07,3.64721e+07
566,3.60106e+07,3.62833e+07,3.58663e+07
567,3.54215e+07,3.5694e+07,3.52772e+07
568,3.48483e+07,3.51205e+07,3.47039e+07
569,3.42902e+07,3.45622e+07,3.41458e+07
570,3.37466e+07,3.40184e+07,3.36022e+07
571,3.32169e+07,3.34885e+07,3.30725e+07
572,3.27006e+07,3.29719e+07,3.2556e+07
573,3.21969e+07,3.2468e+07,3.20524e+07
574,3.17056e+07,3.19764e+07,3.1561e+07
575,3.1226e+07,3.14966e+07,3.10813e+07
576,3.07578e+07,3.10281e+07,3.06131e+07
577,3.03005e+07,3.05705e+07,3.01557e+07
578,2.98537e+07,3.01235e+07,2.97088e+07
579,2.94171e+07,2.96866e+07,2.92721e+07
580,2.89902e+07,2.92595e+07,2.88452e+07
581,2.85728e+07,2.88418e+07,2.84277e+07
582,2.81645e+07,2.84332e+07,2.80194e+07
583,2.77651e+07,2.80335e+07,2.76198e+07
584,2.73742e+07,2.76423e+07,2.72288e+07
585,2.69915e+07,2.72593e+07,2.68461e+07
586,2.66168e+07,2.68844e+07,2.64713e+07
587,2.62499e+07,2.65172e+07,2.61043e+07
588,2.58904e+07,2.61575e+07,2.57448e+07
589,2.55383e+07,2.5805e+07,2.53926e+07
590,2.51932e+07,2.54597e+07,2.50474e+07
591,2.4855e+07,2.51212e+07,2.47091e+07
592,2.45234e+07,2.47893e+07,2.43775e+07
593,2.41983e+07,2.44639e+07,2.40523e+07
594,2.38795e+07,2.41448e+07,2.37334e+07
595,2.35668e+07,2.38318e+07,2.34206e+07
596,2.326e+07,2.35247e+07,2.31137e+07
597,2.2959e+07,2.32234e+07,2.28126e+07
598,2.26636e+07,2.29278e+07,2.25171e+07
599,2.23737e+07,2.26376e+07,2.22271e+07
600,2.20891e+07,2.23527e+07,2.19425e+07
601,2.18097e+07,2.2073e+07,2.1663e+07
602,2.15354e+07,2.17984e+07,2.13886e+07
603,2.1266e+07,2.15287e+07,2.11191e+07
604,2.10014e+07,2.12638e+07,2.08544e+07
605,2.07415e+07,2.10036e+07,2.05944e+07
606,2.04861e+07,2.0748e+07,2.0339e+07
607,2.02353e+07,2.04968e+07,2.0088e+07
608,1.99888e+07,2.025e+07,1.98414e+07
609,1.97465e+07,2.00075e+07,1.95991e+07
610,1.95084e+07,1.97691e+07,1.93609e+07
611,1.92743e+07,1.95347e+07,1.91267e+07
612,1.90442e+07,1.93043e+07,1.88965e+07
613,1.88179e+07,1.90777e+07,1.86702e+07
614,1.85955e+07,1.8855e+07,1.84476e+07
615,1.83767e+07,1.86359e+07,1.82287e+07
616,1.81615e+07,1.84205e+07,1.80135e+07
617,1.79499e+07,1.82085e+07,1.78018e+07
618,1.77417e+07,1.80001e+07,1.75935e+07
619,1.75369e+07,1.7795e+07,1.73886e+07
620,1.73354e+07,1.75932e+07,1.7187e+07
621,1.71372e+07,1.73946e+07,1.69887e+07
622,1.69421e+07,1.71992e+07,1.67935e+07
623,1.67501e+07,1.7007e+07,1.66014e+07
624,1.65611e+07,1.68177e+07,1.64124e+07
625,1.63751e+07,1.66314e+07,1.62263e+07
626,1.61921e+07,1.6448e+07,1.60431e+07
627,1.60118e+07,1.62675e+07,1.58628e+07
628,1.58344e+07,1.60897e+07,1.56852e+07
629,1.56597e+07,1.59147e+07,1.55104e+07
630,1.54876e+07,1.57424e+07,1.53383e+07
631,1.53182e+07,1.55727e+07,1.51688e+07
632,1.51514e+07,1.54055e+07,1.50019e+07
633,1.49871e+07,1.52409e+07,1.48375e+07
634,1.48252e+07,1.50788e+07,1.46755e+07
635,1.46658e+07,1.49191e+07,1.4516e+07
636,1.45087e+07,1.47617e+07,1.43589e+07
637,1.4354e+07,1.46067e+07,1.42041e+07
638,1.42016e+07,1.4454e+07,1.40515e+07
639,1.40514e+07,1.43035e+07,1.39013e+07
640,1.39034e+07,1.41552e+07,1.37532e+07
641,1.37576e+07,1.40091e+07,1.36073e+07
642,1.36139e+07,1.38651e+07,1.34635e+07
643,1.34722e+07,1.37231e+07,1.33217e+07
644,1.33326e+07,1.35832e+07,1.3182e+07
645,1.31951e+07,1.34453e+07,1.30444e+07
646,1.30594e+07,1.33094e+07,1.29086e+07
647,1.29257e+07,1.31754e+07,1.27749e+07
648,1.27939e+07,1.30433e+07,1.2643e+07
649,1.2664e+07,1.29131e+07,1.25129e+07
650,1.25359e+07,1.27847e+07,1.23847e+07
651,1.24096e+07,1.2658e+07,1.22583e+07
652,1.2285e+07,1.25332e+07,1.21337e+07
653,1.21622e+07,1.241e+07,1.20107e+07
654,1.2041e+07,1.22886e+07,1.18895e+07
655,1.19216e+07,1.21689e+07,1.177e+07
656,1.18038e+07,1.20507e+07,1.16521e+07
657,1.16876e+07,1.19342e+07,1.15358e+07
658,1.15729e+07,1.18193e+07,1.1421e+07
659,1.14599e+07,1.1706e+07,1.13079e+07
660,1.13483e+07,1.15941e+07,1.11963e+07
661,1.12383e+07,1.14838e+07,1.10862e+07
662,1.11298e+07,1.13749e+07,1.09775e+07
663,1.10227e+07,1.12676e+07,1.08703e+07
664,1.0917e+07,1.11616e+07,1.07646e+07
665,1.08128e+07,1.1057e+07,1.06602e+07
666,1.07099e+07,1.09539e+07,1.05573e+07
667,1.06084e+07,1.0852e+07,1.04556e+07
668,1.05082e+07,1.07515e+07,1.03554e+07
669,1.04093e+07,1.06524e+07,1.02564e+07
670,1.03117e+07,1.05545e+07,1.01587e+07
671,1.02154e+07,1.04579e+07,1.00623e+07
672,1.01204e+07,1.03625e+07,9.9672e+06
673,1.00266e+07,1.02684e+07,9.87328e+06
674,9.93395e+06,1.01755e+07,9.78058e+06
675,9.84253e+06,1.00838e+07,9.68906e+06
676,9.75228e+06,9.99323e+06,9.59872e+06
677,9.66318e+06,9.90383e+06,9.50953e+06
678,9.57522e+06,9.81557e+06,9.42148e+06
679,9.48837e+06,9.72842e+06,9.33454e+06
680,9.40262e+06,9.64237e+06,9.2487e+06
681,9.31796e+06,9.5574e+06,9.16394e+06
682,9.23435e+06,9.4735e+06,9.08024e+06
683,9.1518e+06,9.39064e+06,8.9976e+06
684,9.07027e+06,9.30882e+06,8.91598e+06
685,8.98977e+06,9.22801e+06,8.83538e+06
686,8.91026e+06,9.1482e+06,8.75578e+06
687,8.83173e+06,9.06937e+06,8.67716e+06
688,8.75418e+06,8.99152e+06,8.59951e+06
689,8.67757e+06,8.91461e+06,8.52282e+06
690,8.60191e+06,8.83865e+06,8.44707e+06
691,8.52717e+06,8.76361e+06,8.37224e+06
692,8.45334e+06,8.68948e+06,8.29832e+06
693,8.38041e+06,8.61625e+06,8.22529e+06
694,8.30837e+06,8.5439e+06,8.15316e+06
695,8.23719e+06,8.47242e+06,8.08189e+06
696,8.16687e+06,8.4018e+06,8.01148e+06
697,8.0974e+06,8.33203e+06,7.94191e+06
698,8.02876e+06,8.26308e+06,7.87318e+06
699,7.96093e+06,8.19496e+06,7.80526e+06
700,7.89392e+06,8.12764e+06,7.73815e+06
701,7.82769e+06,8.06112e+06,7.67184e+06
702,7.76226e+06,7.99538e+06,7.60631e+06
703,7.69759e+06,7.93042e+06,7.54156e+06
704,7.63369e+06,7.86621e+06,7.47756e+06
705,7.57053e+06,7.80276e+06,7.41432e+06
706,7.50812e+06,7.74004e+06,7.35181e+06
707,7.44643e+06,7.67805e+06,7.29003e+06
708,7.38546e+06,7.61678e+06,7.22897e+06
709,7.3252e+06,7.55622e+06,7.16862e+06
710,7.26563e+06,7.49635e+06,7.10896e+06
711,7.20676e+06,7.43717e+06,7.04999e+06
712,7.14856e+06,7.37867e+06,6.9917e+06
713,7.09102e+06,7.32084e+06,6.93408e+06
714,7.03415e+06,7.26366e+06,6.87711e+06
715,6.97792e+06,7.20714e+06,6.82079e+06
716,6.92234e+06,7.15125e+06,6.76512e+06
717,6.86738e+06,7.09599e+06,6.71007e+06
718,6.81305e+06,7.04136e+06,6.65564e+06
719,6.75933e+06,6.98734e+06,6.60183e+06
720,6.70621e+06,6.93392e+06,6.54863e+06
721,6.65369e+06,6.8811e+06,6.49602e+06
722,6.60176e+06,6.82887e+06,6.44399e+06
723,6.55041e+06,6.77722e+06,6.39255e+06
724,6.49963e+06,6.72614e+06,6.34168e+06
725,6.44941e+06,6.67562e+06,6.29137e+06
726,6.39975e+06,6.62566e+06,6.24162e+06
727,6.35064e+06,6.57625e+06,6.19242e+06
728,6.30207e+06,6.52738e+06,6.14376e+06
729,6.25403e+06,6.47904e+06,6.09563e+06
730,6.20652e+06,6.43123e+06,6.04803e+06
731,6.15953e+06,6.38394e+06,6.00095e+06
732,6.11305e+06,6.33717e+06,5.95438e+06
733,6.06708e+06,6.29089e+06,5.90832e+06
734,6.0216e+06,6.24512e+06,5.86276e+06
735,5.97662e+06,6.19984e+06,5.81768e+06
736,5.93212e+06,6.15504e+06,5.7731e+06
737,5.88811e+06,6.11072e+06,5.72899e+06
738,5.84456e+06,6.06688e+06,5.68535e+06
739,5.80148e+06,6.0235e+06,5.64218e+06
740,5.75886e+06,5.98058e+06,5.59947e+06
741,5.7167e+06,5.93812e+06,5.55722e+06
742,5.67498e+06,5.8961e+06,5.51541e+06
743,5.6337e+06,5.85453e+06,5.47405e+06
744,5.59287e+06,5.81339e+06,5.43312e+06
745,5.55246e+06,5.77268e+06,5.39262e+06
746,5.51248e+06,5.7324e+06,5.35255e+06
747,5.47291e+06,5.69254e+06,5.3129e+06
748,5.43376e+06,5.65309e+06,5.27366e+06
749,5.39502e+06,5.61406e+06,5.23483e+06
750,5.35669e+06,5.57542e+06,5.19641e+06
751,5.31875e+06,5.53718e+06,5.15838e+06
752,5.28121e+06,5.49934e+06,5.12075e+06
753,5.24405e+06,5.46189e+06,5.0835e+06
754,5.20728e+06,5.42482e+06,5.04664e+06
755,5.17088e+06,5.38812e+06,5.01015e+06
756,5.13486e+06,5.3518e+06,4.97404e+06
757,5.09921e+06,5.31585e+06,4.9383e+06
758,5.06392e+06,5.28027e+06,4.90293e+06
759,5.02899e+06,5.24504e+06,4.86791e+06
760,4.99442e+06,5.21017e+06,4.83325e+06
761,4.9602e+06,5.17565e+06,4.79894e+06
762,4.92632e+06,5.14148e+06,4.76497e+06
763,4.89279e+06,5.10765e+06,4.73135e+06
764,4.85959e+06,5.07415e+06,4.69806e+06
765,4.82673e+06,5.04099e+06,4.66511e+06
766,4.79419e+06,5.00816e+06,4.63249e+06
767,4.76198e+06,4.97566e+06,4.60019e+06
768,4.7301e+06,4.94347e+06,4.56822e+06
769,4.69853e+06,4.91161e+06,4.53656e+06
770,4.66727e+06,4.88006e+06,4.50522e+06
771,4.63632e+06,4.84881e+06,4.47418e+06
772,4.60568e+06,4.81788e+06,4.44345e+06
773,4.57535e+06,4.78724e+06,4.41303e+06
774,4.54531e+06,4.7569e+06,4.3829e+06
775,4.51556e+06,4.72686e+06,4.35307e+06
776,4.48611e+06,4.69711e+06,4.32353e+06
777,4.45694e+06,4.66765e+06,4.29427e+06
778,4.42806e+06,4.63847e+06,4.2653e+06
779,4.39946e+06,4.60958e+06,4.23661e+06
780,4.37113e+06,4.58096e+06,4.2082e+06
781,4.34308e+06,4.55261e+06,4.18007e+06
782,4.31531e+06,4.52454e+06,4.1522e+06
783,4.2878e+06,4.49673e+06,4.1246e+06
784,4.26055e+06,4.46919e+06,4.09727e+06
785,4.23356e+06,4.44191e+06,4.0702e+06
786,4.20684e+06,4.41489e+06,4.04338e+06
787,4.18037e+06,4.38813e+06,4.01683e+06
788,4.15415e+06,4.36161e+06,3.99052e+06
789,4.12818e+06,4.33535e+06,3.96446e+06
790,4.10245e+06,4.30933e+06,3.93865e+06
791,4.07698e+06,4.28356e+06,3.91309e+06
792,4.05174e+06,4.25802e+06,3.88776e+06
793,4.02673e+06,4.23273e+06,3.86267e+06
794,4.00197e+06,4.20767e+06,3.83782e+06
795,3.97743e+06,4.18284e+06,3.8132e+06
796,3.95313e+06,4.15824e+06,3.78881e+06
797,3.92905e+06,4.13387e+06,3.76465e+06
798,3.9052e+06,4.10973e+06,3.74071e+06
799,3.88157e+06,4.0858e+06,3.71699e+06
800,3.85816e+06,4.0621e+06,3.69349e+06
801,3.83496e+06,4.03861e+06,3.67021e+06
802,3.81198e+06,4.01534e+06,3.64715e+06
803,3.78922e+06,3.99228e+06,3.62429e+06
804,3.76666e+06,3.96943e+06,3.60165e+06
805,3.74431e+06,3.94678e+06,3.57921e+06
806,3.72216e+06,3.92434e+06,3.55698e+06
807,3.70021e+06,3.90211e+06,3.53495e+06
808,3.67847e+06,3.88007e+06,3.51312e+06
809,3.65692e+06,3.85823e+06,3.49149e+06
810,3.63557e+06,3.83659e+06,3.47005e+06
811,3.61442e+06,3.81514e+06,3.44881e+06
812,3.59345e+06,3.79388e+06,3.42776e+06
813,3.57267e+06,3.77282e+06,3.4069e+06
814,3.55209e+06,3.75194e+06,3.38622e+06
815,3.53168e+06,3.73124e+06,3.36573e+06
816,3.51146e+06,3.71073e+06,3.34543e+06
817,3.49142e+06,3.6904e+06,3.3253e+06
818,3.47156e+06,3.67025e+06,3.30536e+06
819,3.45187e+06,3.65027e+06,3.28559e+06
820,3.43237e+06,3.63047e+06,3.26599e+06
821,3.41303e+06,3.61085e+06,3.24657e+06
822,3.39387e+06,3.59139e+06,3.22732e+06
823,3.37487e+06,3.57211e+06,3.20824e+06
824,3.35604e+06,3.55299e+06,3.18933e+06
825,3.33738e+06,3.53404e+06,3.17059e+06
826,3.31888e+06,3.51525e+06,3.152e+06
827,3.30055e+06,3.49663e+06,3.13358e+06
828,3.28237e+06,3.47816e+06,3.11533e+06
829,3.26436e+06,3.45986e+06,3.09723e+06
830,3.2465e+06,3.44171e+06,3.07928e+06
831,3.22879e+06,3.42372e+06,3.06149e+06
832,3.21124e+06,3.40588e+06,3.04386e+06
833,3.19385e+06,3.38819e+06,3.02638e+06
834,3.1766e+06,3.37066e+06,3.00905e+06
835,3.1595e+06,3.35327e+06,2.99186e+06
836,3.14255e+06,3.33603e+06,2.97483e+06
837,3.12574e+06,3.31894e+06,2.95794e+06
838,3.10908e+06,3.30199e+06,2.9412e+06
839,3.09256e+06,3.28518e+06,2.92459e+06
840,3.07618e+06,3.26852e+06,2.90813e+06
841,3.05995e+06,3.25199e+06,2.89181e+06
842,3.04385e+06,3.2356e+06,2.87563e+06
843,3.02788e+06,3.21935e+06,2.85958e+06
844,3.01205e+06,3.20324e+06,2.84367e+06
845,2.99636e+06,3.18726e+06,2.82789e+06
846,2.9808e+06,3.17141e+06,2.81225e+06
847,2.96537e+06,3.15569e+06,2.79673e+06
848,2.95007e+06,3.14011e+06,2.78135e+06
849,2.93489e+06,3.12465e+06,2.7661e+06
850,2.91985e+06,3.10932e+06,2.75097e+06
851,2.90493e+06,3.09411e+06,2.73597e+06
852,2.89013e+06,3.07903e+06,2.72109e+06
853,2.87546e+06,3.06408e+06,2.70634e+06
854,2.86091e+06,3.04924e+06,2.6917e+06
855,2.84648e+06,3.03453e+06,2.67719e+06
856,2.83217e+06,3.01994e+06,2.6628e+06
857,2.81798e+06,3.00546e+06,2.64853e+06
858,2.80391e+06,2.9911e+06,2.63437e+06
859,2.78995e+06,2.97686e+06,2.62033e+06
860,2.77611e+06,2.96273e+06,2.60641e+06
861,2.76238e+06,2.94872e+06,2.5926e+06
862,2.74876e+06,2.93482e+06,2.5789e+06
863,2.73525e+06,2.92103e+06,2.56531e+06
864,2.72186e+06,2.90735e+06,2.55183e+06
865,2.70857e+06,2.89378e+06,2.53846e+06
866,2.69539e+06,2.88032e+06,2.5252e+06
867,2.68232e+06,2.86696e+06,2.51205e+06
868,2.66935e+06,2.85372e+06,2.499e+06
869,2.65649e+06,2.84057e+06,2.48606e+06
870,2.64373e+06,2.82753e+06,2.47322e+06
871,2.63108e+06,2.8146e+06,2.46049e+06
872,2.61853e+06,2.80176e+06,2.44785e+06
873,2.60607e+06,2.78903e+06,2.43532e+06
874,2.59372e+06,2.7764e+06,2.42289e+06
875,2.58147e+06,2.76386e+06,2.41055e+06
876,2.56931e+06,2.75142e+06,2.39831e+06
877,2.55725e+06,2.73908e+06,2.38617e+06
878,2.54529e+06,2.72684e+06,2.37413e+06
879,2.53342e+06,2.71469e+06,2.36218e+06
880,2.52164e+06,2.70264e+06,2.35033e+06
881,2.50996e+06,2.69068e+06,2.33856e+06
882,2.49837e+06,2.67881e+06,2.3269e+06
883,2.48687e+06,2.66703e+06,2.31532e+06
884,2.47546e+06,2.65534e+06,2.30383e+06
885,2.46415e+06,2.64375e+06,2.29243e+06
886,2.45292e+06,2.63224e+06,2.28112e+06
887,2.44177e+06,2.62082e+06,2.2699e+06
888,2.43072e+06,2.60949e+06,2.25877e+06
889,2.41975e+06,2.59824e+06,2.24772e+06
890,2.40887e+06,2.58708e+06,2.23676e+06
891,2.39807e+06,2.576e+06,2.22588e+06
892,2.38735e+06,2.56501e+06,2.21509e+06
893,2.37672e+06,2.5541e+06,2.20437e+06
894,2.36617e+06,2.54328e+06,2.19375e+06
895,2.3557e+06,2.53253e+06,2.1832e+06
896,2.34531e+06,2.52187e+06,2.17273e+06
897,2.33501e+06,2.51128e+06,2.16234e+06
898,2.32478e+06,2.50078e+06,2.15204e+06
899,2.31462e+06,2.49035e+06,2.14181e+06
900,2.30455e+06,2.48e+06,2.13166e+06
901,2.29455e+06,2.46973e+06,2.12158e+06
902,2.28463e+06,2.45954e+06,2.11158e+06
903,2.27479e+06,2.44942e+06,2.10166e+06
904,2.26502e+06,2.43937e+06,2.09181e+06
905,2.25532e+06,2.4294e+06,2.08204e+06
906,2.2457e+06,2.41951e+06,2.07234e+06
907,2.23615e+06,2.40968e+06,2.06271e+06
908,2.22667e+06,2.39993e+06,2.05315e+06
909,2.21726e+06,2.39025e+06,2.04367e+06
910,2.20793e+06,2.38064e+06,2.03425e+06
911,2.19866e+06,2.37111e+06,2.02491e+06
912,2.18946e+06,2.36164e+06,2.01564e+06
913,2.18033e+06,2.35224e+06,2.00643e+06
914,2.17127e+06,2.3429e+06,1.99729e+06
915,2.16228e+06,2.33364e+06,1.98822e+06
916,2.15335e+06,2.32444e+06,1.97922e+06
917,2.1445e+06,2.31531e+06,1.97029e+06
918,2.1357e+06,2.30625e+06,1.96142e+06
919,2.12697e+06,2.29725e+06,1.95261e+06
920,2.11831e+06,2.28832e+06,1.94387e+06
921,2.10971e+06,2.27945e+06,1.93519e+06
922,2.10117e+06,2.27064e+06,1.92658e+06
923,2.09269e+06,2.26189e+06,1.91803e+06
924,2.08428e+06,2.25321e+06,1.90954e+06
925,2.07593e+06,2.24459e+06,1.90111e+06
926,2.06764e+06,2.23604e+06,1.89275e+06
927,2.05941e+06,2.22754e+06,1.88444e+06
928,2.05124e+06,2.2191e+06,1.8762e+06
929,2.04313e+06,2.21072e+06,1.86801e+06
930,2.03508e+06,2.20241e+06,1.85988e+06
931,2.02709e+06,2.19415e+06,1.85182e+06
932,2.01915e+06,2.18594e+06,1.84381e+06
933,2.01127e+06,2.1778e+06,1.83585e+06
934,2.00345e+06,2.16971e+06,1.82796e+06
935,1.99569e+06,2.16168e+06,1.82012e+06
936,1.98798e+06,2.15371e+06,1.81233e+06
937,1.98032e+06,2.14579e+06,1.80461e+06
938,1.97273e+06,2.13793e+06,1.79693e+06
939,1.96518e+06,2.13012e+06,1.78931e+06
940,1.95769e+06,2.12236e+06,1.78175e+06
941,1.95025e+06,2.11466e+06,1.77424e+06
942,1.94287e+06,2.10702e+06,1.76678e+06
943,1.93554e+06,2.09942e+06,1.75937e+06
944,1.92826e+06,2.09188e+06,1.75202e+06
945,1.92103e+06,2.08439e+06,1.74472e+06
946,1.91385e+06,2.07695e+06,1.73747e+06
947,1.90672e+06,2.06956e+06,1.73027e+06
948,1.89965e+06,2.06222e+06,1.72312e+06
949,1.89262e+06,2.05493e+06,1.71602e+06
950,1.88564e+06,2.0477e+06,1.70897e+06
951,1.87871e+06,2.04051e+06,1.70197e+06
952,1.87183e+06,2.03337e+06,1.69501e+06
953,1.865e+06,2.02627e+06,1.68811e+06
954,1.85822e+06,2.01923e+06,1.68125e+06
955,1.85148e+06,2.01223e+06,1.67444e+06
956,1.84479e+06,2.00529e+06,1.66768e+06
957,1.83815e+06,1.99838e+06,1.66096e+06
958,1.83155e+06,1.99153e+06,1.65429e+06
959,1.825e+06,1.98472e+06,1.64767e+06
960,1.81849e+06,1.97795e+06,1.64109e+06
961,1.81203e+06,1.97123e+06,1.63456e+06
962,1.80561e+06,1.96456e+06,1.62807e+06
963,1.79924e+06,1.95793e+06,1.62162e+06
964,1.79291e+06,1.95135e+06,1.61522e+06
965,1.78662e+06,1.9448e+06,1.60886e+06
966,1.78038e+06,1.9383e+06,1.60255e+06
967,1.77418e+06,1.93185e+06,1.59628e+06
968,1.76802e+06,1.92544e+06,1.59005e+06
969,1.7619e+06,1.91907e+06,1.58386e+06
970,1.75583e+06,1.91274e+06,1.57771e+06
971,1.74979e+06,1.90645e+06,1.57161e+06
972,1.7438e+06,1.9002e+06,1.56555e+06
973,1.73785e+06,1.894e+06,1.55952e+06
974,1.73193e+06,1.88783e+06,1.55354e+06
975,1.72606e+06,1.88171e+06,1.5476e+06
976,1.72023e+06,1.87562e+06,1.54169e+06
977,1.71443e+06,1.86958e+06,1.53583e+06
978,1.70868e+06,1.86357e+06,1.53e+06
979,1.70296e+06,1.85761e+06,1.52422e+06
980,1.69728e+06,1.85168e+06,1.51847e+06
981,1.69164e+06,1.84579e+06,1.51276e+06
982,1.68604e+06,1.83994e+06,1.50709e+06
983,1.68047e+06,1.83412e+06,1.50145e+06
984,1.67494e+06,1.82834e+06,1.49586e+06
985,1.66945e+06,1.8226e+06,1.49029e+06
986,1.664e+06,1.8169e+06,1.48477e+06
987,1.65858e+06,1.81123e+06,1.47928e+06
988,1.65319e+06,1.8056e+06,1.47383e+06
989,1.64784e+06,1.80001e+06,1.46841e+06
990,1.64253e+06,1.79445e+06,1.46303e+06
991,1.63725e+06,1.78892e+06,1.45768e+06
992,1.63201e+06,1.78344e+06,1.45237e+06
993,1.6268e+06,1.77798e+06,1.44709e+06
994,1.62162e+06,1.77256e+06,1.44185e+06
995,1.61648e+06,1.76718e+06,1.43664e+06
996,1.61137e+06,1.76182e+06,1.43146e+06
997,1.60629e+06,1.7565e+06,1.42632e+06
998,1.60125e+06,1.75122e+06,1.42121e+06
999,1.59624e+06,1.74597e+06,1.41613e+06
1000,1.59126e+06,1.74075e+06,1.41109e+06
1001,1.58632e+06,1.73556e+06,1.40608e+06
1002,1.5814e+06,1.73041e+06,1.4011e+06
1003,1.57652e+06,1.72529e+06,1.39615e+06
1004,1.57167e+06,1.72019e+06,1.39123e+06
1005,1.56685e+06,1.71514e+06,1.38634e+06
1006,1.56206e+06,1.71011e+06,1.38149e+06
1007,1.5573e+06,1.70511e+06,1.37666e+06
1008,1.55257e+06,1.70014e+06,1.37187e+06
1009,1.54787e+06,1.69521e+06,1.3671e+06
1010,1.5432e+06,1.6903e+06,1.36237e+06
1011,1.53856e+06,1.68543e+06,1.35767e+06
1012,1.53396e+06,1.68058e+06,1.35299e+06
1013,1.52937e+06,1.67577e+06,1.34835e+06
1014,1.52482e+06,1.67098e+06,1.34373e+06
1015,1.5203e+06,1.66622e+06,1.33914e+06
1016,1.5158e+06,1.6615e+06,1.33458e+06
1017,1.51134e+06,1.6568e+06,1.33005e+06
1018,1.5069e+06,1.65212e+06,1.32555e+06
1019,1.50249e+06,1.64748e+06,1.32107e+06
1020,1.4981e+06,1.64287e+06,1.31663e+06
1021,1.49375e+06,1.63828e+06,1.31221e+06
1022,1.48942e+06,1.63372e+06,1.30781e+06
1023,1.48512e+06,1.62919e+06,1.30345e+06
1024,1.48084e+06,1.62468e+06,1.29911e+06
1025,1.47659e+06,1.6202e+06,1.2948e+06
1026,1.47237e+06,1.61575e+06,1.29051e+06
1027,1.46817e+06,1.61133e+06,1.28625e+06
1028,1.464e+06,1.60693e+06,1.28202e+06
1029,1.45985e+06,1.60256e+06,1.27781e+06
1030,1.45573e+06,1.59821e+06,1.27363e+06
1031,1.45164e+06,1.59389e+06,1.26947e+06
1032,1.44757e+06,1.58959e+06,1.26534e+06
1033,1.44352e+06,1.58532e+06,1.26123e+06
1034,1.4395e+06,1.58108e+06,1.25715e+06
1035,1.4355e+06,1.57686e+06,1.25309e+06
1036,1.43153e+06,1.57266e+06,1.24905e+06
1037,1.42758e+06,1.56849e+06,1.24504e+06
1038,1.42366e+06,1.56435e+06,1.24106e+06
1039,1.41976e+06,1.56022e+06,1.2371e+06
1040,1.41588e+06,1.55613e+06,1.23316e+06
1041,1.41202e+06,1.55205e+06,1.22924e+06
1042,1.40819e+06,1.548e+06,1.22535e+06
1043,1.40438e+06,1.54397e+06,1.22148e+06
1044,1.4006e+06,1.53997e+06,1.21764e+06
1045,1.39683e+06,1.53599e+06,1.21381e+06
1046,1.39309e+06,1.53203e+06,1.21001e+06
1047,1.38937e+06,1.5281e+06,1.20623e+06
1048,1.38568e+06,1.52418e+06,1.20248e+06
1049,1.382e+06,1.52029e+06,1.19874e+06
1050,1.37835e+06,1.51642e+06,1.19503e+06
1051,1.37471e+06,1.51258e+06,1.19134e+06
1052,1.3711e+06,1.50876e+06,1.18767e+06
1053,1.36751e+06,1.50495e+06,1.18402e+06
1054,1.36394e+06,1.50117e+06,1.18039e+06
1055,1.3604e+06,1.49741e+06,1.17679e+06
1056,1.35687e+06,1.49368e+06,1.1732e+06
1057,1.35336e+06,1.48996e+06,1.16964e+06
1058,1.34987e+06,1.48626e+06,1.16609e+06
1059,1.34641e+06,1.48259e+06,1.16257e+06
1060,1.34296e+06,1.47893e+06,1.15906e+06
1061,1.33953e+06,1.4753e+06,1.15558e+06
1062,1.33612e+06,1.47169e+06,1.15211e+06
1063,1.33274e+06,1.46809e+06,1.14867e+06
1064,1.32937e+06,1.46452e+06,1.14525e+06
1065,1.32602e+06,1.46097e+06,1.14184e+06
1066,1.32269e+06,1.45743e+06,1.13845e+06
1067,1.31937e+06,1.45392e+06,1.13509e+06
1068,1.31608e+06,1.45042e+06,1.13174e+06
1069,1.31281e+06,1.44695e+06,1.12841e+06
1070,1.30955e+06,1.44349e+06,1.1251e+06
1071,1.30631e+06,1.44005e+06,1.1218e+06
1072,1.30309e+06,1.43664e+06,1.11853e+06
1073,1.29989e+06,1.43324e+06,1.11527e+06
1074,1.29671e+06,1.42985e+06,1.11203e+06
1075,1.29354e+06,1.42649e+06,1.10881e+06
1076,1.29039e+06,1.42315e+06,1.10561e+06
1077,1.28726e+06,1.41982e+06,1.10243e+06
1078,1.28415e+06,1.41651e+06,1.09926e+06
1079,1.28105e+06,1.41322e+06,1.09611e+06
1080,1.27797e+06,1.40995e+06,1.09298e+06
1081,1.27491e+06,1.4067e+06,1.08986e+06
1082,1.27186e+06,1.40346e+06,1.08676e+06
1083,1.26883e+06,1.40024e+06,1.08368e+06
1084,1.26582e+06,1.39704e+06,1.08062e+06
1085,1.26282e+06,1.39385e+06,1.07757e+06
1086,1.25984e+06,1.39069e+06,1.07453e+06
1087,1.25688e+06,1.38753e+06,1.07152e+06
1088,1.25393e+06,1.3844e+06,1.06852e+06
1089,1.251e+06,1.38128e+06,1.06553e+06
1090,1.24808e+06,1.37818e+06,1.06257e+06
1091,1.24518e+06,1.3751e+06,1.05961e+06
1092,1.24229e+06,1.37203e+06,1.05668e+06
1093,1.23942e+06,1.36898e+06,1.05376e+06
1094,1.23656e+06,1.36594e+06,1.05085e+06
1095,1.23372e+06,1.36292e+06,1.04796e+06
1096,1.2309e+06,1.35991e+06,1.04509e+06
1097,1.22809e+06,1.35693e+06,1.04223e+06
1098,1.22529e+06,1.35395e+06,1.03938e+06
1099,1.22251e+06,1.351e+06,1.03655e+06
1100,1.21974e+06,1.34805e+06,1.03374e+06
1101,1.21699e+06,1.34513e+06,1.03093e+06
1102,1.21425e+06,1.34221e+06,1.02815e+06
1103,1.21153e+06,1.33932e+06,1.02538e+06
1104,1.20882e+06,1.33644e+06,1.02262e+06
1105,1.20612e+06,1.33357e+06,1.01987e+06
1106,1.20344e+06,1.33072e+06,1.01715e+06
1107,1.20077e+06,1.32788e+06,1.01443e+06
1108,1.19811e+06,1.32506e+06,1.01173e+06
1109,1.19547e+06,1.32225e+06,1.00904e+06
1110,1.19284e+06,1.31946e+06,1.00636e+06
1111,1.19023e+06,1.31668e+06,1.0037e+06
1112,1.18763e+06,1.31391e+06,1.00106e+06
1113,1.18504e+06,1.31116e+06,998421
1114,1.18246e+06,1.30842e+06,995800
1115,1.1799e+06,1.3057e+06,993191
1116,1.17735e+06,1.30299e+06,990596
1117,1.17481e+06,1.30029e+06,988013
1118,1.17228e+06,1.29761e+06,985444
1119,1.16977e+06,1.29494e+06,982887
1120,1.16727e+06,1.29228e+06,980342
1121,1.16478e+06,1.28964e+06,977810
1122,1.1623e+06,1.28701e+06,975290
1123,1.15984e+06,1.28439e+06,972783
1124,1.15739e+06,1.28179e+06,970287
1125,1.15494e+06,1.2792e+06,967804
1126,1.15251e+06,1.27662e+06,965333
1127,1.1501e+06,1.27406e+06,962873
1128,1.14769e+06,1.2715e+06,960425
1129,1.1453e+06,1.26896e+06,957989
1130,1.14291e+06,1.26644e+06,955565
1131,1.14054e+06,1.26392e+06,953152
1132,1.13818e+06,1.26142e+06,950751
1133,1.13583e+06,1.25893e+06,948360
1134,1.13349e+06,1.25645e+06,945981
1135,1.13116e+06,1.25398e+06,943613
1136,1.12884e+06,1.25153e+06,941256
1137,1.12654e+06,1.24909e+06,938911
1138,1.12424e+06,1.24666e+06,936576
1139,1.12195e+06,1.24424e+06,934251
1140,1.11968e+06,1.24183e+06,931938
1141,1.11741e+06,1.23944e+06,929635
1142,1.11516e+06,1.23705e+06,927342
1143,1.11291e+06,1.23468e+06,925060
1144,1.11068e+06,1.23232e+06,922788
1145,1.10845e+06,1.22997e+06,920527
1146,1.10624e+06,1.22763e+06,918275
1147,1.10403e+06,1.2253e+06,916034
1148,1.10184e+06,1.22298e+06,913803
1149,1.09965e+06,1.22068e+06,911582
1150,1.09748e+06,1.21838e+06,909370
1151,1.09531e+06,1.2161e+06,907169
1152,1.09315e+06,1.21382e+06,904977
1153,1.091e+06,1.21156e+06,902794
1154,1.08887e+06,1.20931e+06,900622
1155,1.08674e+06,1.20707e+06,898458
1156,1.08462e+06,1.20484e+06,896304
1157,1.0825e+06,1.20261e+06,894159
1158,1.0804e+06,1.2004e+06,892024
1159,1.07831e+06,1.1982e+06,889897
1160,1.07622e+06,1.19601e+06,887780
1161,1.07415e+06,1.19383e+06,885672
1162,1.07208e+06,1.19166e+06,883572
1163,1.07002e+06,1.1895e+06,881482
1164,1.06797e+06,1.18735e+06,879400
1165,1.06593e+06,1.18521e+06,877327
1166,1.06389e+06,1.18308e+06,875263
1167,1.06187e+06,1.18096e+06,873207
1168,1.05985e+06,1.17885e+06,871159
1169,1.05784e+06,1.17675e+06,869120
1170,1.05584e+06,1.17466e+06,867090
1171,1.05384e+06,1.17258e+06,865067
1172,1.05186e+06,1.1705e+06,863053
1173,1.04988e+06,1.16844e+06,861047
1174,1.04791e+06,1.16639e+06,859049
1175,1.04595e+06,1.16434e+06,857059
1176,1.04399e+06,1.16231e+06,855077
1177,1.04204e+06,1.16028e+06,853103
1178,1.0401e+06,1.15826e+06,851136
1179,1.03817e+06,1.15626e+06,849178
1180,1.03625e+06,1.15426e+06,847227
1181,1.03433e+06,1.15227e+06,845283
1182,1.03242e+06,1.15028e+06,843348
1183,1.03051e+06,1.14831e+06,841419
1184,1.02862e+06,1.14635e+06,839498
1185,1.02673e+06,1.14439e+06,837585
1186,1.02485e+06,1.14245e+06,835678
1187,1.02297e+06,1.14051e+06,833779
1188,1.0211e+06,1.13858e+06,831887
1189,1.01924e+06,1.13666e+06,830003
1190,1.01738e+06,1.13475e+06,828125
1191,1.01553e+06,1.13284e+06,826254
1192,1.01369e+06,1.13095e+06,824390
1193,1.01186e+06,1.12906e+06,822533
1194,1.01003e+06,1.12718e+06,820683
1195,1.00821e+06,1.12531e+06,818839
1196,1.00639e+06,1.12345e+06,817003
1197,1.00458e+06,1.12159e+06,815173
1198,1.00278e+06,1.11975e+06,813349
1199,1.00098e+06,1.11791e+06,811532
1200,999186,1.11608e+06,809722
1201,997401,1.11426e+06,807917
1202,995621,1.11244e+06,806120
1203,993848,1.11064e+06,804328
1204,992080,1.10884e+06,802543
1205,990318,1.10705e+06,800764
1206,988563,1.10527e+06,798991
1207,986812,1.10349e+06,797224
1208,985068,1.10172e+06,795463
1209,983329,1.09996e+06,793709
1210,981596,1.09821e+06,791960
1211,979868,1.09647e+06,790217
1212,978146,1.09473e+06,788480
1213,976429,1.093e+06,786748
1214,974718,1.09128e+06,785023
1215,973012,1.08956e+06,783303
1216,971311,1.08786e+06,781588
1217,969615,1.08616e+06,779880
1218,967925,1.08446e+06,778177
1219,966240,1.08278e+06,776479
1220,964560,1.0811e+06,774787
1221,962884,1.07943e+06,773100
1222,961214,1.07777e+06,771418
1223,959549,1.07611e+06,769742
1224,957889,1.07446e+06,768071
1225,956234,1.07282e+06,766405
1226,954583,1.07118e+06,764745
1227,952938,1.06956e+06,763090
1228,951297,1.06794e+06,761439
1229,949660,1.06632e+06,759794
1230,948029,1.06471e+06,758154
1231,946402,1.06311e+06,756518
1232,944779,1.06152e+06,754888
1233,943161,1.05993e+06,753262
1234,941548,1.05835e+06,751641
1235,939939,1.05678e+06,750026
1236,938334,1.05522e+06,748414
1237,936734,1.05366e+06,746808
1238,935138,1.0521e+06,745206
1239,933546,1.05056e+06,743609
1240,931959,1.04902e+06,742016
1241,930376,1.04749e+06,740428
1242,928797,1.04596e+06,738845
1243,927222,1.04444e+06,737266
1244,925651,1.04293e+06,735691
1245,924085,1.04143e+06,734121
1246,922522,1.03993e+06,732555
1247,920963,1.03843e+06,730993
1248,919409,1.03695e+06,729436
1249,917858,1.03547e+06,727883
1250,916311,1.034e+06,726334
1251,914768,1.03253e+06,724790
1252,913229,1.03107e+06,723249
1253,911694,1.02962e+06,721713
1254,910162,1.02817e+06,720181
1255,908634,1.02673e+06,718653
1256,907110,1.0253e+06,717129
1257,905590,1.02387e+06,715609
1258,904073,1.02245e+06,714093
1259,902560,1.02103e+06,712580
1260,901050,1.01962e+06,711072
1261,899544,1.01822e+06,709567
1262,898041,1.01682e+06,708067
1263,896542,1.01544e+06,706570
1264,895047,1.01405e+06,705077
1265,893554,1.01268e+06,703588
1266,892066,1.01131e+06,702102
1267,890580,1.00994e+06,700620
1268,889099,1.00858e+06,699142
1269,887620,1.00723e+06,697667
1270,886145,1.00589e+06,696196
1271,884673,1.00455e+06,694729
1272,883204,1.00321e+06,693265
1273,881738,1.00189e+06,691805
1274,880276,1.00057e+06,690348
1275,878817,999255,688895
1276,877361,997947,687445
1277,875908,996646,685999
1278,874459,995351,684556
1279,873012,994062,683116
1280,871569,992779,681680
1281,870128,991503,680247
1282,868691,990233,678817
1283,867257,988970,677391
1284,865826,987712,675968
1285,864397,986461,674548
1286,862972,985216,673131
1287,861550,983977,671718
1288,860130,982745,670307
1289,858714,981519,668900
1290,857300,980299,667496
1291,855890,979085,666096
1292,854482,977878,664698
1293,853077,976677,663303
1294,851675,975483,661912
1295,850276,974294,660523
1296,848879,973112,659138
1297,847485,971937,657755
1298,846095,970767,656376
1299,844706,969604,654999
1300,843321,968448,653626
1301,841938,967298,652255
1302,840559,966154,650887
1303,839182,965016,649523
1304,837807,963885,648161
1305,836435,962761,646802
1306,835066,961643,645446
1307,833700,960531,644093
1308,832336,959426,642742
1309,830975,958327,641395
1310,829617,957235,640050
1311,828261,956149,638708
1312,826908,955070,637369
1313,825558,953997,636032
1314,824210,952931,634699
1315,822865,951872,633368
1316,821522,950819,632039
1317,820182,949773,630714
1318,818845,948733,629391
1319,817510,947701,628071
1320,816178,946674,626754
1321,814848,945655,625439
1322,813521,944642,624127
1323,812197,943636,622818
1324,810875,942637,621511
1325,809556,941645,620207
1326,808239,940660,618906
1327,806924,939681,617607
1328,805613,938709,616311
1329,804304,937745,615018
1330,802997,936787,613727
1331,801693,935836,612438
1332,800391,934892,611153
1333,799092,933956,609869
1334,797796,933026,608589
1335,796502,932103,607311
1336,795211,931188,606035
1337,793922,930280,604762
1338,792636,929379,603492
1339,791352,928485,602224
1340,790071,927599,600959
1341,788792,926719,599696
1342,787516,925848,598436
1343,786242,924983,597178
1344,784971,924126,595923
1345,783703,923277,594670
1346,782437,922435,593420
1347,781174,921600,592173
1348,779913,920773,590928
1349,778655,919954,589685
1350,777399,919143,588445
1351,776146,918339,587207
1352,774895,917543,585972
1353,773647,916754,584739
1354,772402,915974,583509
1355,771159,915201,582281
1356,769918,914436,581056
1357,768681,913680,579833
1358,767446,912931,578613
1359,766213,912191,577395
1360,764983,911458,576180
1361,763756,910734,574967
1362,762531,910018,573756
1363,761309,909310,572548
1364,760089,908611,571343
1365,758873,907920,570140
1366,757658,907237,568939
1367,756447,906563,567741
1368,755238,905897,566545
1369,754032,905240,565352
1370,752828,904592,564161
1371,751627,903952,562973
1372,750429,903321,561787
1373,749233,902699,560604
1374,748040,902086,559423
1375,746850,901482,558244
1376,745662,900887,557068
1377,744478,900301,555895
1378,743295,899724,554724
1379,742116,899156,553555
1380,740939,898598,552389
1381,739765,898049,551225
